metric,group,n,mean,std,median,p25,p75
confidence_max_prob,TP,1205,0.9485296088135589,0.0841987569116943,0.9840732216835022,0.9467272162437439,0.994968831539154
confidence_max_prob,TN,1152,0.9664582756554915,0.05719720347009184,0.9849291443824768,0.9578931927680969,0.9986277669668198
confidence_max_prob,FP,43,0.7739595382712608,0.1592715616584202,0.790026843547821,0.6461969316005707,0.9208399951457977
confidence_max_prob,FN,58,0.7984273166492067,0.15821248363542456,0.870778501033783,0.6659653782844543,0.9248118549585342
confidence_max_prob,MIS,0,0.0,0.0,0.0,0.0,0.0
confidence_max_prob,CORRECT,0,0.0,0.0,0.0,0.0,0.0
confidence_margin,TP,1205,0.8970592169098834,0.1683975113810963,0.9681463837623596,0.8934544324874878,0.9899376034736633
confidence_margin,TN,1152,0.9329165513109829,0.11439440641965289,0.9698583483695984,0.9157864153385162,0.9972555190324783
confidence_margin,FP,43,0.5479190737702125,0.3185431163566079,0.5800536870956421,0.29239383339881897,0.8416799902915955
confidence_margin,FN,58,0.5968546410059107,0.3164249699610625,0.7415569722652435,0.3319307714700699,0.8496237099170685
confidence_margin,MIS,0,0.0,0.0,0.0,0.0,0.0
confidence_margin,CORRECT,0,0.0,0.0,0.0,0.0,0.0
