{
  "run_dir": "runs/resnet18_sz224_bs64_lr0.0001_wd0.0001_aug1_amp1_run003",
  "seed_dir": "runs/resnet18_sz224_bs64_lr0.0001_wd0.0001_aug1_amp1_run003/seed_42",
  "seed": 42,
  "num_samples": 2458,
  "summary": {
    "quality_intensity": {
      "brightness_mean": {
        "TP": {
          "n": 1205,
          "mean": 29.716140026868132,
          "std": 7.3281260796525975,
          "median": 30.213787078857422,
          "p25": 24.695192337036133,
          "p75": 34.56712341308594
        },
        "TN": {
          "n": 1152,
          "mean": 22.473031414672732,
          "std": 9.038089146022028,
          "median": 21.23318862915039,
          "p25": 15.386350154876709,
          "p75": 28.352539539337158
        },
        "FP": {
          "n": 43,
          "mean": 31.110171562017396,
          "std": 9.38195613509075,
          "median": 30.819873809814453,
          "p25": 25.920808792114258,
          "p75": 38.18135070800781
        },
        "FN": {
          "n": 58,
          "mean": 22.167137474849305,
          "std": 9.317459709010095,
          "median": 22.301060676574707,
          "p25": 16.440573692321777,
          "p75": 27.95569133758545
        },
        "MIS": {
          "n": 0,
          "mean": 0.0,
          "std": 0.0,
          "median": 0.0,
          "p25": 0.0,
          "p75": 0.0
        },
        "CORRECT": {
          "n": 0,
          "mean": 0.0,
          "std": 0.0,
          "median": 0.0,
          "p25": 0.0,
          "p75": 0.0
        }
      },
      "brightness_std": {
        "TP": {
          "n": 1205,
          "mean": 53.224988671457126,
          "std": 10.358696004547557,
          "median": 54.11572265625,
          "p25": 46.65413284301758,
          "p75": 61.083045959472656
        },
        "TN": {
          "n": 1152,
          "mean": 49.9153291069799,
          "std": 12.503557428837201,
          "median": 49.08249855041504,
          "p25": 40.40405464172363,
          "p75": 59.6627311706543
        },
        "FP": {
          "n": 43,
          "mean": 55.234317025472954,
          "std": 13.265562218408247,
          "median": 55.25993728637695,
          "p25": 48.40869331359863,
          "p75": 63.157114028930664
        },
        "FN": {
          "n": 58,
          "mean": 46.356337054022426,
          "std": 13.263282993956848,
          "median": 44.12347221374512,
          "p25": 36.472883224487305,
          "p75": 57.455079078674316
        },
        "MIS": {
          "n": 0,
          "mean": 0.0,
          "std": 0.0,
          "median": 0.0,
          "p25": 0.0,
          "p75": 0.0
        },
        "CORRECT": {
          "n": 0,
          "mean": 0.0,
          "std": 0.0,
          "median": 0.0,
          "p25": 0.0,
          "p75": 0.0
        }
      },
      "contrast_p95_p5": {
        "TP": {
          "n": 1205,
          "mean": 138.85207468879668,
          "std": 29.670415058526693,
          "median": 143.0,
          "p25": 120.0,
          "p75": 160.0
        },
        "TN": {
          "n": 1152,
          "mean": 144.14605034722223,
          "std": 39.618763046596754,
          "median": 148.0,
          "p25": 117.0,
          "p75": 178.0
        },
        "FP": {
          "n": 43,
          "mean": 142.9360465116279,
          "std": 34.15228034912756,
          "median": 148.0,
          "p25": 121.0,
          "p75": 164.0
        },
        "FN": {
          "n": 58,
          "mean": 128.04310344827587,
          "std": 44.562594896211415,
          "median": 121.0,
          "p25": 100.25,
          "p75": 166.5
        },
        "MIS": {
          "n": 0,
          "mean": 0.0,
          "std": 0.0,
          "median": 0.0,
          "p25": 0.0,
          "p75": 0.0
        },
        "CORRECT": {
          "n": 0,
          "mean": 0.0,
          "std": 0.0,
          "median": 0.0,
          "p25": 0.0,
          "p75": 0.0
        }
      },
      "sharpness_laplacian_var": {
        "TP": {
          "n": 1205,
          "mean": 261.23888208539654,
          "std": 101.52656102351331,
          "median": 254.38912963867188,
          "p25": 195.36705017089844,
          "p75": 317.84002685546875
        },
        "TN": {
          "n": 1152,
          "mean": 395.7440813879172,
          "std": 169.11487512811394,
          "median": 394.4521789550781,
          "p25": 268.2934799194336,
          "p75": 524.4926605224609
        },
        "FP": {
          "n": 43,
          "mean": 276.8488587667776,
          "std": 121.90565401808412,
          "median": 246.80809020996094,
          "p25": 186.07337188720703,
          "p75": 354.66551208496094
        },
        "FN": {
          "n": 58,
          "mean": 310.32079775580047,
          "std": 140.97481488055905,
          "median": 288.6056823730469,
          "p25": 185.95761489868164,
          "p75": 389.45372009277344
        },
        "MIS": {
          "n": 0,
          "mean": 0.0,
          "std": 0.0,
          "median": 0.0,
          "p25": 0.0,
          "p75": 0.0
        },
        "CORRECT": {
          "n": 0,
          "mean": 0.0,
          "std": 0.0,
          "median": 0.0,
          "p25": 0.0,
          "p75": 0.0
        }
      },
      "snr_mean_over_std": {
        "TP": {
          "n": 1205,
          "mean": 0.5541753810839932,
          "std": 0.05532666210643332,
          "median": 0.562442225936379,
          "p25": 0.5224638083028227,
          "p75": 0.5906758579889478
        },
        "TN": {
          "n": 1152,
          "mean": 0.4400888155386734,
          "std": 0.10439610969917913,
          "median": 0.4441456297118546,
          "p25": 0.3605465816172021,
          "p75": 0.5202771275111643
        },
        "FP": {
          "n": 43,
          "mean": 0.5558701548637381,
          "std": 0.06391071656660967,
          "median": 0.5623489914739122,
          "p25": 0.5191484897409582,
          "p75": 0.6036929524762172
        },
        "FN": {
          "n": 58,
          "mean": 0.46501317842550666,
          "std": 0.11987734839605872,
          "median": 0.49139434937380255,
          "p25": 0.4035833487099895,
          "p75": 0.5529851927968716
        },
        "MIS": {
          "n": 0,
          "mean": 0.0,
          "std": 0.0,
          "median": 0.0,
          "p25": 0.0,
          "p75": 0.0
        },
        "CORRECT": {
          "n": 0,
          "mean": 0.0,
          "std": 0.0,
          "median": 0.0,
          "p25": 0.0,
          "p75": 0.0
        }
      }
    },
    "texture": {
      "entropy": {
        "TP": {
          "n": 1205,
          "mean": 2.7517237115626645,
          "std": 0.34612982641206014,
          "median": 2.7972886391199037,
          "p25": 2.551486194721243,
          "p75": 2.9889915004545315
        },
        "TN": {
          "n": 1152,
          "mean": 1.9129116544458153,
          "std": 0.5724527324001447,
          "median": 1.9584468984649646,
          "p25": 1.474845454138085,
          "p75": 2.3557848355246356
        },
        "FP": {
          "n": 43,
          "mean": 2.6702312755169473,
          "std": 0.3876188393275478,
          "median": 2.7234908631827968,
          "p25": 2.4078352592710877,
          "p75": 2.987539490971872
        },
        "FN": {
          "n": 58,
          "mean": 2.066414602836975,
          "std": 0.689208484648208,
          "median": 2.3125123284627485,
          "p25": 1.6432675112396544,
          "p75": 2.570787446605336
        },
        "MIS": {
          "n": 0,
          "mean": 0.0,
          "std": 0.0,
          "median": 0.0,
          "p25": 0.0,
          "p75": 0.0
        },
        "CORRECT": {
          "n": 0,
          "mean": 0.0,
          "std": 0.0,
          "median": 0.0,
          "p25": 0.0,
          "p75": 0.0
        }
      },
      "glcm_contrast": {
        "TP": {
          "n": 1205,
          "mean": 0.3571380724665804,
          "std": 0.11844090983367217,