{
  "labels": [
    "0",
    "1"
  ],
  "matrix_mean": [
    [
      1153.4000244140625,
      41.599998474121094
    ],
    [
      65.4000015258789,
      1197.5999755859375
    ]
  ],
  "tp_mean": 1197.6,
  "fp_mean": 41.6,
  "fn_mean": 65.4,
  "tn_mean": 1153.4
}