{
  "total_duration_sec": 519.4542272320004,
  "total_duration_min": 8.657570453866674,
  "per_seed_duration_sec": [
    104.28008958599912,
    100.36972291099937,
    98.46853085299972,
    99.21567682800014,
    116.55327005800063
  ],
  "per_seed_duration_stats_sec": {
    "mean": 103.7774580471998,
    "std": 7.48467142904038
  }
}