{
  "seed": 45,
  "duration_sec": 99.21567682800014,
  "duration_min": 1.6535946138000024
}