{
  "run_dir": "runs/vgg16_sz224_bs64_lr0.0001_wd0.0001_aug0_amp1",
  "seed_dir": "runs/vgg16_sz224_bs64_lr0.0001_wd0.0001_aug0_amp1/seed_43",
  "seed": 43,
  "num_samples": 2458,
  "summary": {
    "quality_intensity": {
      "brightness_mean": {
        "TP": {
          "n": 1228,
          "mean": 29.662085898536034,
          "std": 7.365685990407392,
          "median": 30.12845802307129,
          "p25": 24.556730270385742,
          "p75": 34.509944915771484
        },
        "TN": {
          "n": 1102,
          "mean": 22.096528138093205,
          "std": 8.791606878944796,
          "median": 20.965600967407227,
          "p25": 15.172492980957031,
          "p75": 27.933125019073486
        },
        "FP": {
          "n": 93,
          "mean": 30.927909233236825,
          "std": 9.903502503266134,
          "median": 30.15264320373535,
          "p25": 24.104393005371094,
          "p75": 40.86009216308594
        },
        "FN": {
          "n": 35,
          "mean": 19.10289207186018,
          "std": 8.393613445569278,
          "median": 17.29781150817871,
          "p25": 14.747588157653809,
          "p75": 22.86299228668213
        },
        "MIS": {
          "n": 0,
          "mean": 0.0,
          "std": 0.0,
          "median": 0.0,
          "p25": 0.0,
          "p75": 0.0
        },
        "CORRECT": {
          "n": 0,
          "mean": 0.0,
          "std": 0.0,
          "median": 0.0,
          "p25": 0.0,
          "p75": 0.0
        }
      },
      "brightness_std": {
        "TP": {
          "n": 1228,
          "mean": 53.150125935333946,
          "std": 10.418620488377787,
          "median": 54.066423416137695,
          "p25": 46.52770137786865,
          "p75": 61.11489200592041
        },
        "TN": {
          "n": 1102,
          "mean": 49.52271694107194,
          "std": 12.254615485324518,
          "median": 48.79823303222656,
          "p25": 40.294386863708496,
          "p75": 58.58135795593262
        },
        "FP": {
          "n": 93,
          "mean": 57.026889185751635,
          "std": 14.117909391629317,
          "median": 59.39366149902344,
          "p25": 47.19204330444336,
          "p75": 69.08535766601562
        },
        "FN": {
          "n": 35,
          "mean": 44.46926427568708,
          "std": 13.370011370626674,
          "median": 42.26506423950195,
          "p25": 35.1762638092041,
          "p75": 56.42851448059082
        },
        "MIS": {
          "n": 0,
          "mean": 0.0,
          "std": 0.0,
          "median": 0.0,
          "p25": 0.0,
          "p75": 0.0
        },
        "CORRECT": {
          "n": 0,
          "mean": 0.0,
          "std": 0.0,
          "median": 0.0,
          "p25": 0.0,
          "p75": 0.0
        }
      },
      "contrast_p95_p5": {
        "TP": {
          "n": 1228,
          "mean": 138.65777687296418,
          "std": 29.882439016207258,
          "median": 143.0,
          "p25": 120.0,
          "p75": 160.0
        },
        "TN": {
          "n": 1102,
          "mean": 143.48389292196006,
          "std": 39.32824933583242,
          "median": 148.0,
          "p25": 116.25,
          "p75": 176.0
        },
        "FP": {
          "n": 93,
          "mean": 151.43279569892474,
          "std": 40.02222785570407,
          "median": 163.0,
          "p25": 124.0,
          "p75": 184.0
        },
        "FN": {
          "n": 35,
          "mean": 127.75714285714285,
          "std": 48.46862560530499,
          "median": 120.0,
          "p25": 99.0,
          "p75": 169.0
        },
        "MIS": {
          "n": 0,
          "mean": 0.0,
          "std": 0.0,
          "median": 0.0,
          "p25": 0.0,
          "p75": 0.0
        },
        "CORRECT": {
          "n": 0,
          "mean": 0.0,
          "std": 0.0,
          "median": 0.0,
          "p25": 0.0,
          "p75": 0.0
        }
      },
      "sharpness_laplacian_var": {
        "TP": {
          "n": 1228,
          "mean": 260.4582598620983,
          "std": 101.93000391965744,
          "median": 253.49945068359375,
          "p25": 193.78899383544922,
          "p75": 316.3753890991211
        },
        "TN": {
          "n": 1102,
          "mean": 393.96293614174624,
          "std": 168.96412458192535,
          "median": 389.43629455566406,
          "p25": 268.1605911254883,
          "p75": 514.2156829833984
        },
        "FP": {
          "n": 93,
          "mean": 361.87663502846993,
          "std": 168.36652657432637,
          "median": 362.85626220703125,
          "p25": 193.2875213623047,
          "p75": 528.6652221679688
        },
        "FN": {
          "n": 35,
          "mean": 369.9633163452148,
          "std": 123.70042787366647,
          "median": 362.29730224609375,
          "p25": 270.4139404296875,
          "p75": 476.85560607910156
        },
        "MIS": {
          "n": 0,
          "mean": 0.0,
          "std": 0.0,
          "median": 0.0,
          "p25": 0.0,
          "p75": 0.0
        },
        "CORRECT": {
          "n": 0,
          "mean": 0.0,
          "std": 0.0,
          "median": 0.0,
          "p25": 0.0,
          "p75": 0.0
        }
      },
      "snr_mean_over_std": {
        "TP": {
          "n": 1228,
          "mean": 0.5538492266738904,
          "std": 0.05630857953658658,
          "median": 0.5624980494893765,
          "p25": 0.522612253464883,
          "p75": 0.5906531475400132
        },
        "TN": {
          "n": 1102,
          "mean": 0.4366392419003774,
          "std": 0.10341060218403103,
          "median": 0.4403938253330746,
          "p25": 0.3583948855455595,
          "p75": 0.5178152422374277
        },
        "FP": {
          "n": 93,
          "mean": 0.5344977159728667,
          "std": 0.08574239293838394,
          "median": 0.5623489914739122,
          "p25": 0.49205966138841456,
          "p75": 0.595854747146793
        },
        "FN": {
          "n": 35,
          "mean": 0.4178642342672498,
          "std": 0.11178465223841527,
          "median": 0.4827872707933089,
          "p25": 0.31792101328599287,
          "p75": 0.4904916437799156
        },
        "MIS": {
          "n": 0,
          "mean": 0.0,
          "std": 0.0,
          "median": 0.0,
          "p25": 0.0,
          "p75": 0.0
        },
        "CORRECT": {
          "n": 0,
          "mean": 0.0,
          "std": 0.0,
          "median": 0.0,
          "p25": 0.0,
          "p75": 0.0
        }
      }
    },
    "texture": {
      "entropy": {
        "TP": {
          "n": 1228,
          "mean": 2.7458743858540493,
          "std": 0.3532577017335306,
          "median": 2.7950146860673524,
          "p25": 2.551465925101505,
          "p75": 2.9840934362170235
        },
        "TN": {
          "n": 1102,
          "mean": 1.8926963372057612,
          "std": 0.5645079415746735,
          "median": 1.9305164545131226,
          "p25": 1.4579396478029236,
          "p75": 2.335212531047093
        },
        "FP": {
          "n": 93,
          "mean": 2.502610829764078,
          "std": 0.5161738221320161,
          "median": 2.633027253740271,
          "p25": 2.2820505446509394,
          "p75": 2.870294710106503
        },
        "FN": {
          "n": 35,
          "mean": 1.8212963876794923,
          "std": 0.666453332646692,
          "median": 2.1343448390469506,
          "p25": 1.202493629890445,
          "p75": 2.3586064426945166
        },
        "MIS": {
          "n": 0,
          "mean": 0.0,
          "std": 0.0,
          "median": 0.0,
          "p25": 0.0,
          "p75": 0.0
        },
        "CORRECT": {
          "n": 0,
          "mean": 0.0,
          "std": 0.0,
          "median": 0.0,
          "p25": 0.0,
          "p75": 0.0
        }
      },
      "glcm_contrast": {
        "TP": {
          "n": 1228,
          "mean": 0.3561449610518606,
          "std": 0.1187005985766776,