{
  "run_dir": "runs/vgg16_sz224_bs64_lr0.0001_wd0.0001_aug0_amp1",
  "seed_dir": "runs/vgg16_sz224_bs64_lr0.0001_wd0.0001_aug0_amp1/seed_44",
  "seed": 44,
  "num_samples": 2458,
  "summary": {
    "quality_intensity": {
      "brightness_mean": {
        "TP": {
          "n": 1221,
          "mean": 29.7048074709012,
          "std": 7.3589394138677235,
          "median": 30.175601959228516,
          "p25": 24.56766128540039,
          "p75": 34.56712341308594
        },
        "TN": {
          "n": 1133,
          "mean": 22.307753134278837,
          "std": 8.930089707361518,
          "median": 21.13610076904297,
          "p25": 15.247867584228516,
          "p75": 28.141042709350586
        },
        "FP": {
          "n": 62,
          "mean": 31.483633318255023,
          "std": 9.571701770947179,
          "median": 31.484314918518066,
          "p25": 25.757328987121582,
          "p75": 40.98688507080078
        },
        "FN": {
          "n": 42,
          "mean": 19.620780570166453,
          "std": 7.904530913916202,
          "median": 18.570043563842773,
          "p25": 15.800068616867065,
          "p75": 24.092230796813965
        },
        "MIS": {
          "n": 0,
          "mean": 0.0,
          "std": 0.0,
          "median": 0.0,
          "p25": 0.0,
          "p75": 0.0
        },
        "CORRECT": {
          "n": 0,
          "mean": 0.0,
          "std": 0.0,
          "median": 0.0,
          "p25": 0.0,
          "p75": 0.0
        }
      },
      "brightness_std": {
        "TP": {
          "n": 1221,
          "mean": 53.20677542471671,
          "std": 10.3807259088927,
          "median": 54.10820388793945,
          "p25": 46.577945709228516,
          "p75": 61.14595413208008
        },
        "TN": {
          "n": 1133,
          "mean": 49.82149345519158,
          "std": 12.462777158083055,
          "median": 48.995452880859375,
          "p25": 40.35189437866211,
          "p75": 59.39366149902344
        },
        "FP": {
          "n": 62,
          "mean": 55.31907546135687,
          "std": 13.373608738721547,
          "median": 56.089651107788086,
          "p25": 47.1967248916626,
          "p75": 68.24810218811035
        },
        "FN": {
          "n": 42,
          "mean": 44.26919296809605,
          "std": 13.178113382141008,
          "median": 41.31793212890625,
          "p25": 35.17018985748291,
          "p75": 54.89157009124756
        },
        "MIS": {
          "n": 0,
          "mean": 0.0,
          "std": 0.0,
          "median": 0.0,
          "p25": 0.0,
          "p75": 0.0
        },
        "CORRECT": {
          "n": 0,
          "mean": 0.0,
          "std": 0.0,
          "median": 0.0,
          "p25": 0.0,
          "p75": 0.0
        }
      },
      "contrast_p95_p5": {
        "TP": {
          "n": 1221,
          "mean": 138.79668304668306,
          "std": 29.770728610861866,
          "median": 143.0,
          "p25": 120.0,
          "p75": 160.0
        },
        "TN": {
          "n": 1133,
          "mean": 144.10525154457193,
          "std": 39.63758089399965,
          "median": 148.0,
          "p25": 117.0,
          "p75": 178.0
        },
        "FP": {
          "n": 62,
          "mean": 144.05241935483872,
          "std": 35.57107688058108,
          "median": 146.5,
          "p25": 119.25,
          "p75": 177.75
        },
        "FN": {
          "n": 42,
          "mean": 125.53571428571429,
          "std": 47.15234040400236,
          "median": 120.0,
          "p25": 97.25,
          "p75": 166.5
        },
        "MIS": {
          "n": 0,
          "mean": 0.0,
          "std": 0.0,
          "median": 0.0,
          "p25": 0.0,
          "p75": 0.0
        },
        "CORRECT": {
          "n": 0,
          "mean": 0.0,
          "std": 0.0,
          "median": 0.0,
          "p25": 0.0,
          "p75": 0.0
        }
      },
      "sharpness_laplacian_var": {
        "TP": {
          "n": 1221,
          "mean": 260.47155639248535,
          "std": 101.49434630760412,
          "median": 253.43417358398438,
          "p25": 193.86024475097656,
          "p75": 315.6676940917969
        },
        "TN": {
          "n": 1133,
          "mean": 393.9332584775031,
          "std": 168.46808870959396,
          "median": 390.4083557128906,
          "p25": 266.9541320800781,
          "p75": 519.9363403320312
        },
        "FP": {
          "n": 62,
          "mean": 346.37581985227524,
          "std": 174.98252873279955,
          "median": 299.97898864746094,
          "p25": 197.3742790222168,
          "p75": 489.6216049194336
        },
        "FN": {
          "n": 42,
          "mean": 351.3259244646345,
          "std": 137.3988120385342,
          "median": 346.28265380859375,
          "p25": 260.86199951171875,
          "p75": 457.8963851928711
        },
        "MIS": {
          "n": 0,
          "mean": 0.0,
          "std": 0.0,
          "median": 0.0,
          "p25": 0.0,
          "p75": 0.0
        },
        "CORRECT": {
          "n": 0,
          "mean": 0.0,
          "std": 0.0,
          "median": 0.0,
          "p25": 0.0,
          "p75": 0.0
        }
      },
      "snr_mean_over_std": {
        "TP": {
          "n": 1221,
          "mean": 0.5540351912094392,
          "std": 0.05674456872045847,
          "median": 0.5628875782676933,
          "p25": 0.5231013511051635,
          "p75": 0.5906831661464098
        },
        "TN": {
          "n": 1133,
          "mean": 0.4378030480101322,
          "std": 0.10307236649226352,
          "median": 0.44226208686730917,
          "p25": 0.3601431534330485,
          "p75": 0.5189667846635724
        },
        "FP": {
          "n": 62,
          "mean": 0.5621593349066567,
          "std": 0.0742332949606886,
          "median": 0.5888029305745104,
          "p25": 0.5130190058373362,
          "p75": 0.6082543632313857
        },
        "FN": {
          "n": 42,
          "mean": 0.4351221449563262,
          "std": 0.1038357303835793,
          "median": 0.4827895649500219,
          "p25": 0.3769517545227225,
          "p75": 0.49105298108313766
        },
        "MIS": {
          "n": 0,
          "mean": 0.0,
          "std": 0.0,
          "median": 0.0,
          "p25": 0.0,
          "p75": 0.0
        },
        "CORRECT": {
          "n": 0,
          "mean": 0.0,
          "std": 0.0,
          "median": 0.0,
          "p25": 0.0,
          "p75": 0.0
        }
      }
    },
    "texture": {
      "entropy": {
        "TP": {
          "n": 1221,
          "mean": 2.7474334452232116,
          "std": 0.3551762760143534,
          "median": 2.7956223517998655,
          "p25": 2.5528163794646206,
          "p75": 2.986047526382355
        },
        "TN": {
          "n": 1133,
          "mean": 1.9001201666826493,
          "std": 0.5653831725965096,
          "median": 1.9433108432691533,
          "p25": 1.464412906227572,
          "p75": 2.348725230480078
        },
        "FP": {
          "n": 62,
          "mean": 2.671903579312367,
          "std": 0.4129631447406136,
          "median": 2.8200489038558323,
          "p25": 2.395618723132545,
          "p75": 2.982889484134186
        },
        "FN": {
          "n": 42,
          "mean": 1.9300686376193714,
          "std": 0.6301514530945153,
          "median": 2.2247428195248244,
          "p25": 1.5608363383995045,
          "p75": 2.361577250242769
        },
        "MIS": {
          "n": 0,
          "mean": 0.0,
          "std": 0.0,
          "median": 0.0,
          "p25": 0.0,
          "p75": 0.0
        },
        "CORRECT": {
          "n": 0,
          "mean": 0.0,
          "std": 0.0,
          "median": 0.0,
          "p25": 0.0,
          "p75": 0.0
        }
      },
      "glcm_contrast": {
        "TP": {
          "n": 1221,
          "mean": 0.3564848298592693,
          "std": 0.11841407948934583,