{
  "seed": 42,
  "duration_sec": 243.12416867499996,
  "duration_min": 4.052069477916666
}