{
  "seed": 46,
  "duration_sec": 116.55327005800063,
  "duration_min": 1.9425545009666771
}