{
  "run_dir": "runs/resnet18_sz224_bs64_lr0.0001_wd0.0001_aug1_amp1_run003",
  "seed_dir": "runs/resnet18_sz224_bs64_lr0.0001_wd0.0001_aug1_amp1_run003/seed_44",
  "seed": 44,
  "num_samples": 2458,
  "summary": {
    "quality_intensity": {
      "brightness_mean": {
        "TP": {
          "n": 1235,
          "mean": 29.506456135738233,
          "std": 7.484074348198673,
          "median": 30.075754165649414,
          "p25": 24.392966270446777,
          "p75": 34.472347259521484
        },
        "TN": {
          "n": 1140,
          "mean": 22.54558932655736,
          "std": 9.103542740744976,
          "median": 21.2625150680542,
          "p25": 15.404042720794678,
          "p75": 28.352539539337158
        },
        "FP": {
          "n": 55,
          "mean": 27.721776992624456,
          "std": 9.633309997896692,
          "median": 27.724349975585938,
          "p25": 23.530163764953613,
          "p75": 32.43217849731445
        },
        "FN": {
          "n": 28,
          "mean": 23.32747779573713,
          "std": 9.803825077328325,
          "median": 22.301060676574707,
          "p25": 18.122100353240967,
          "p75": 30.48228693008423
        },
        "MIS": {
          "n": 0,
          "mean": 0.0,
          "std": 0.0,
          "median": 0.0,
          "p25": 0.0,
          "p75": 0.0
        },
        "CORRECT": {
          "n": 0,
          "mean": 0.0,
          "std": 0.0,
          "median": 0.0,
          "p25": 0.0,
          "p75": 0.0
        }
      },
      "brightness_std": {
        "TP": {
          "n": 1235,
          "mean": 52.95907208832652,
          "std": 10.504098577586344,
          "median": 53.9829216003418,
          "p25": 46.32686996459961,
          "p75": 61.01468276977539
        },
        "TN": {
          "n": 1140,
          "mean": 50.032495987206175,
          "std": 12.554045385770932,
          "median": 49.22035598754883,
          "p25": 40.495460510253906,
          "p75": 59.90793514251709
        },
        "FP": {
          "n": 55,
          "mean": 51.64526068947532,
          "std": 12.810846055865799,
          "median": 51.83021926879883,
          "p25": 44.31986999511719,
          "p75": 57.4512996673584
        },
        "FN": {
          "n": 28,
          "mean": 50.725888184138704,
          "std": 14.322809934482828,
          "median": 52.65254783630371,
          "p25": 37.56372261047363,
          "p75": 62.15889835357666
        },
        "MIS": {
          "n": 0,
          "mean": 0.0,
          "std": 0.0,
          "median": 0.0,
          "p25": 0.0,
          "p75": 0.0
        },
        "CORRECT": {
          "n": 0,
          "mean": 0.0,
          "std": 0.0,
          "median": 0.0,
          "p25": 0.0,
          "p75": 0.0
        }
      },
      "contrast_p95_p5": {
        "TP": {
          "n": 1235,
          "mean": 138.22995951417005,
          "std": 30.09552177171028,
          "median": 142.0,
          "p25": 119.0,
          "p75": 160.0
        },
        "TN": {
          "n": 1140,
          "mean": 144.58530701754387,
          "std": 39.33465539899655,
          "median": 149.0,
          "p25": 117.0,
          "p75": 178.0
        },
        "FP": {
          "n": 55,
          "mean": 134.09545454545454,
          "std": 40.29062508446562,
          "median": 141.0,
          "p25": 117.5,
          "p75": 155.0
        },
        "FN": {
          "n": 28,
          "mean": 143.90178571428572,
          "std": 47.5372339098967,
          "median": 157.5,
          "p25": 111.5,
          "p75": 178.5
        },
        "MIS": {
          "n": 0,
          "mean": 0.0,
          "std": 0.0,
          "median": 0.0,
          "p25": 0.0,
          "p75": 0.0
        },
        "CORRECT": {
          "n": 0,
          "mean": 0.0,
          "std": 0.0,
          "median": 0.0,
          "p25": 0.0,
          "p75": 0.0
        }
      },
      "sharpness_laplacian_var": {
        "TP": {
          "n": 1235,
          "mean": 260.92071809343963,
          "std": 101.85972793725965,
          "median": 253.71078491210938,
          "p25": 194.02674865722656,
          "p75": 317.96441650390625
        },
        "TN": {
          "n": 1140,
          "mean": 395.60709666536565,
          "std": 169.72803573289073,
          "median": 393.15032958984375,
          "p25": 267.72560119628906,
          "p75": 525.9891052246094
        },
        "FP": {
          "n": 55,
          "mean": 305.6289543151855,
          "std": 128.5175037204534,
          "median": 298.2261657714844,
          "p25": 194.88809967041016,
          "p75": 397.8482971191406
        },
        "FN": {
          "n": 28,
          "mean": 376.941869190761,
          "std": 136.72397807779168,
          "median": 347.08229064941406,
          "p25": 283.7255630493164,
          "p75": 485.7833480834961
        },
        "MIS": {
          "n": 0,
          "mean": 0.0,
          "std": 0.0,
          "median": 0.0,
          "p25": 0.0,
          "p75": 0.0
        },
        "CORRECT": {
          "n": 0,
          "mean": 0.0,
          "std": 0.0,
          "median": 0.0,
          "p25": 0.0,
          "p75": 0.0
        }
      },
      "snr_mean_over_std": {
        "TP": {
          "n": 1235,
          "mean": 0.552433554409899,
          "std": 0.05888546612306086,
          "median": 0.5620547525808116,
          "p25": 0.5198681123610365,
          "p75": 0.5902067158581471
        },
        "TN": {
          "n": 1140,
          "mean": 0.4404025346965103,
          "std": 0.1041015196078212,
          "median": 0.4441372148027368,
          "p25": 0.36081789270620956,
          "p75": 0.5202771275111643
        },
        "FP": {
          "n": 55,
          "mean": 0.524106229194014,
          "std": 0.1018685973452253,
          "median": 0.5450360658299959,
          "p25": 0.4917848505911655,
          "p75": 0.6014941162946108
        },
        "FN": {
          "n": 28,
          "mean": 0.44630924495235147,
          "std": 0.11503400159216783,
          "median": 0.47125834017980334,
          "p25": 0.3590601866632911,
          "p75": 0.5417837418099796
        },
        "MIS": {
          "n": 0,
          "mean": 0.0,
          "std": 0.0,
          "median": 0.0,
          "p25": 0.0,
          "p75": 0.0
        },
        "CORRECT": {
          "n": 0,
          "mean": 0.0,
          "std": 0.0,
          "median": 0.0,
          "p25": 0.0,
          "p75": 0.0
        }
      }
    },
    "texture": {
      "entropy": {
        "TP": {
          "n": 1235,
          "mean": 2.7373041731105507,
          "std": 0.36911431415096013,
          "median": 2.7904513623903693,
          "p25": 2.5412875279784757,
          "p75": 2.9821223577576648
        },
        "TN": {
          "n": 1140,
          "mean": 1.9151173554918746,
          "std": 0.571574136527782,
          "median": 1.9584468984649646,
          "p25": 1.4809977856144139,
          "p75": 2.3557848355246356
        },
        "FP": {
          "n": 55,
          "mean": 2.4592797365103864,
          "std": 0.6028571927294392,
          "median": 2.5071844773400658,
          "p25": 2.3141886962020255,
          "p75": 2.899791572281988
        },
        "FN": {
          "n": 28,
          "mean": 1.9681594859294453,
          "std": 0.6935288916623958,
          "median": 2.0627867893330283,
          "p25": 1.4802131561853116,
          "p75": 2.452782162677299
        },
        "MIS": {
          "n": 0,
          "mean": 0.0,
          "std": 0.0,
          "median": 0.0,
          "p25": 0.0,
          "p75": 0.0
        },
        "CORRECT": {
          "n": 0,
          "mean": 0.0,
          "std": 0.0,
          "median": 0.0,
          "p25": 0.0,
          "p75": 0.0
        }
      },
      "glcm_contrast": {
        "TP": {
          "n": 1235,
          "mean": 0.3554074907862966,
          "std": 0.1182061087377999,