{
  "seed": 44,
  "duration_sec": 98.46853085299972,
  "duration_min": 1.6411421808833286
}