{
  "seed": 43,
  "duration_sec": 197.58776601999944,
  "duration_min": 3.2931294336666572
}