{
  "run_dir": "runs/resnet18_sz224_bs64_lr0.0001_wd0.0001_aug1_amp1_run004",
  "seed_dir": "runs/resnet18_sz224_bs64_lr0.0001_wd0.0001_aug1_amp1_run004/seed_45",
  "seed": 45,
  "num_samples": 2458,
  "summary": {
    "quality_intensity": {
      "brightness_mean": {
        "TP": {
          "n": 1228,
          "mean": 29.596320134032432,
          "std": 7.411893637105432,
          "median": 30.10807991027832,
          "p25": 24.517772674560547,
          "p75": 34.49547576904297
        },
        "TN": {
          "n": 1146,
          "mean": 22.54831917498124,
          "std": 9.090514195862333,
          "median": 21.278050422668457,
          "p25": 15.412737131118774,
          "p75": 28.368891716003418
        },
        "FP": {
          "n": 49,
          "mean": 28.29175086410678,
          "std": 9.833090087771508,
          "median": 27.724349975585938,
          "p25": 23.705495834350586,
          "p75": 33.194515228271484
        },
        "FN": {
          "n": 35,
          "mean": 21.41033089501517,
          "std": 9.504518862193597,
          "median": 22.32487678527832,
          "p25": 14.747588157653809,
          "p75": 26.77933692932129
        },
        "MIS": {
          "n": 0,
          "mean": 0.0,
          "std": 0.0,
          "median": 0.0,
          "p25": 0.0,
          "p75": 0.0
        },
        "CORRECT": {
          "n": 0,
          "mean": 0.0,
          "std": 0.0,
          "median": 0.0,
          "p25": 0.0,
          "p75": 0.0
        }
      },
      "brightness_std": {
        "TP": {
          "n": 1228,
          "mean": 53.05010254763625,
          "std": 10.470344614368294,
          "median": 54.037418365478516,
          "p25": 46.4900598526001,
          "p75": 61.062119483947754
        },
        "TN": {
          "n": 1146,
          "mean": 50.064163582487254,
          "std": 12.511029158187446,
          "median": 49.239933013916016,
          "p25": 40.56339740753174,
          "p75": 59.86157035827637
        },
        "FP": {
          "n": 49,
          "mean": 51.10210811848543,
          "std": 13.872279867437811,
          "median": 50.99708557128906,
          "p25": 43.99943161010742,
          "p75": 58.003841400146484
        },
        "FN": {
          "n": 35,
          "mean": 47.97865627833775,
          "std": 13.763971137505939,
          "median": 44.6566047668457,
          "p25": 39.034799575805664,
          "p75": 59.52256965637207
        },
        "MIS": {
          "n": 0,
          "mean": 0.0,
          "std": 0.0,
          "median": 0.0,
          "p25": 0.0,
          "p75": 0.0
        },
        "CORRECT": {
          "n": 0,
          "mean": 0.0,
          "std": 0.0,
          "median": 0.0,
          "p25": 0.0,
          "p75": 0.0
        }
      },
      "contrast_p95_p5": {
        "TP": {
          "n": 1228,
          "mean": 138.40777687296418,
          "std": 29.937318968435005,
          "median": 143.0,
          "p25": 120.0,
          "p75": 160.0
        },
        "TN": {
          "n": 1146,
          "mean": 144.62674520069808,
          "std": 39.37693118862503,
          "median": 149.0,
          "p25": 117.0,
          "p75": 178.0
        },
        "FP": {
          "n": 49,
          "mean": 131.84183673469389,
          "std": 38.90676267659376,
          "median": 132.0,
          "p25": 109.0,
          "p75": 155.0
        },
        "FN": {
          "n": 35,
          "mean": 136.52857142857144,
          "std": 48.4368437879106,
          "median": 125.25,
          "p25": 113.5,
          "p75": 177.0
        },
        "MIS": {
          "n": 0,
          "mean": 0.0,
          "std": 0.0,
          "median": 0.0,
          "p25": 0.0,
          "p75": 0.0
        },
        "CORRECT": {
          "n": 0,
          "mean": 0.0,
          "std": 0.0,
          "median": 0.0,
          "p25": 0.0,
          "p75": 0.0
        }
      },
      "sharpness_laplacian_var": {
        "TP": {
          "n": 1228,
          "mean": 260.9976998431675,
          "std": 101.64083774240575,
          "median": 254.11798858642578,
          "p25": 194.50110244750977,
          "p75": 318.17771911621094
        },
        "TN": {
          "n": 1146,
          "mean": 396.31054535378127,
          "std": 169.15827568364628,
          "median": 395.3797302246094,
          "p25": 268.75685119628906,
          "p75": 525.6579895019531
        },
        "FP": {
          "n": 49,
          "mean": 278.1591369473204,
          "std": 121.53096748474752,
          "median": 249.10311889648438,
          "p25": 188.05081176757812,
          "p75": 356.3139343261719
        },
        "FN": {
          "n": 35,
          "mean": 351.03667929513114,
          "std": 145.9929301564275,
          "median": 343.4978942871094,
          "p25": 226.98171997070312,
          "p75": 476.85560607910156
        },
        "MIS": {
          "n": 0,
          "mean": 0.0,
          "std": 0.0,
          "median": 0.0,
          "p25": 0.0,
          "p75": 0.0
        },
        "CORRECT": {
          "n": 0,
          "mean": 0.0,
          "std": 0.0,
          "median": 0.0,
          "p25": 0.0,
          "p75": 0.0
        }
      },
      "snr_mean_over_std": {
        "TP": {
          "n": 1228,
          "mean": 0.5535025077283283,
          "std": 0.05643798655531267,
          "median": 0.5623317260525864,
          "p25": 0.5206198302357354,
          "p75": 0.5905239324926869
        },
        "TN": {
          "n": 1146,
          "mean": 0.4400953414866887,
          "std": 0.10418523373629275,
          "median": 0.4439922837014396,
          "p25": 0.3606158520450572,
          "p75": 0.519782152963209
        },
        "FP": {
          "n": 49,
          "mean": 0.5415402207336152,
          "std": 0.08653128948362421,
          "median": 0.5505952290182868,
          "p25": 0.5105697953511364,
          "p75": 0.603159851599912
        },
        "FN": {
          "n": 35,
          "mean": 0.43002911612868405,
          "std": 0.12336282416333111,
          "median": 0.4610849237523342,
          "p25": 0.31792101328599287,
          "p75": 0.5411193241640607
        },
        "MIS": {
          "n": 0,
          "mean": 0.0,
          "std": 0.0,
          "median": 0.0,
          "p25": 0.0,
          "p75": 0.0
        },
        "CORRECT": {
          "n": 0,
          "mean": 0.0,
          "std": 0.0,
          "median": 0.0,
          "p25": 0.0,
          "p75": 0.0
        }
      }
    },
    "texture": {
      "entropy": {
        "TP": {
          "n": 1228,
          "mean": 2.745088737780712,
          "std": 0.3532215202608506,
          "median": 2.7947152964384134,
          "p25": 2.544798989644094,
          "p75": 2.9840934362170235
        },
        "TN": {
          "n": 1146,
          "mean": 1.9132080691947997,
          "std": 0.571958539373755,
          "median": 1.9579454711381323,
          "p25": 1.4708269077092666,
          "p75": 2.3550469781644088
        },
        "FP": {
          "n": 49,
          "mean": 2.5705657851340256,
          "std": 0.508123390270266,
          "median": 2.570101437758119,
          "p25": 2.3804825563662986,
          "p75": 2.9843744116122073
        },
        "FN": {
          "n": 35,
          "mean": 1.8488614115097248,
          "std": 0.7048044034381415,
          "median": 1.991228739619106,
          "p25": 1.202493629890445,
          "p75": 2.4527890608452596
        },
        "MIS": {
          "n": 0,
          "mean": 0.0,
          "std": 0.0,
          "median": 0.0,
          "p25": 0.0,
          "p75": 0.0
        },
        "CORRECT": {
          "n": 0,
          "mean": 0.0,
          "std": 0.0,
          "median": 0.0,
          "p25": 0.0,
          "p75": 0.0
        }
      },
      "glcm_contrast": {
        "TP": {
          "n": 1228,
          "mean": 0.35616804510179934,
          "std": 0.11815046277775115,