{
  "seed": 46,
  "duration_sec": 135.07097910599987,
  "duration_min": 2.2511829850999976
}