{
  "run_dir": "runs/resnet18_sz224_bs64_lr0.0001_wd0.0001_aug0_amp1",
  "seed_dir": "runs/resnet18_sz224_bs64_lr0.0001_wd0.0001_aug0_amp1/seed_42",
  "seed": 42,
  "num_samples": 2458,
  "summary": {
    "quality_intensity": {
      "brightness_mean": {
        "TP": {
          "n": 1207,
          "mean": 29.71793967628637,
          "std": 7.3006304810354115,
          "median": 30.213369369506836,
          "p25": 24.69998550415039,
          "p75": 34.552255630493164
        },
        "TN": {
          "n": 1153,
          "mean": 22.50071514883149,
          "std": 9.12345937122989,
          "median": 21.20964241027832,
          "p25": 15.315629005432129,
          "p75": 28.34701919555664
        },
        "FP": {
          "n": 42,
          "mean": 30.555833339691162,
          "std": 7.476904488607911,
          "median": 30.413683891296387,
          "p25": 26.567920684814453,
          "p75": 33.52997875213623
        },
        "FN": {
          "n": 56,
          "mean": 21.85874136856624,
          "std": 9.699147080083307,
          "median": 21.42561149597168,
          "p25": 15.538997411727905,
          "p75": 28.02592945098877
        },
        "MIS": {
          "n": 0,
          "mean": 0.0,
          "std": 0.0,
          "median": 0.0,
          "p25": 0.0,
          "p75": 0.0
        },
        "CORRECT": {
          "n": 0,
          "mean": 0.0,
          "std": 0.0,
          "median": 0.0,
          "p25": 0.0,
          "p75": 0.0
        }
      },
      "brightness_std": {
        "TP": {
          "n": 1207,
          "mean": 53.1781798918186,
          "std": 10.34664950903384,
          "median": 54.10478973388672,
          "p25": 46.627227783203125,
          "p75": 61.06597709655762
        },
        "TN": {
          "n": 1153,
          "mean": 49.95101670813581,
          "std": 12.594329149364071,
          "median": 49.12639236450195,
          "p25": 40.35189437866211,
          "p75": 59.861507415771484
        },
        "FP": {
          "n": 42,
          "mean": 54.381249972752165,
          "std": 11.029406792547086,
          "median": 54.28522300720215,
          "p25": 48.213168144226074,
          "p75": 58.10779666900635
        },
        "FN": {
          "n": 56,
          "mean": 47.119924443108694,
          "std": 13.986889939952945,
          "median": 44.32773780822754,
          "p25": 36.20340442657471,
          "p75": 58.95551586151123
        },
        "MIS": {
          "n": 0,
          "mean": 0.0,
          "std": 0.0,
          "median": 0.0,
          "p25": 0.0,
          "p75": 0.0
        },
        "CORRECT": {
          "n": 0,
          "mean": 0.0,
          "std": 0.0,
          "median": 0.0,
          "p25": 0.0,
          "p75": 0.0
        }
      },
      "contrast_p95_p5": {
        "TP": {
          "n": 1207,
          "mean": 138.6543082021541,
          "std": 29.614419552597532,
          "median": 143.0,
          "p25": 120.0,
          "p75": 160.0
        },
        "TN": {
          "n": 1153,
          "mean": 144.2189939288812,
          "std": 39.7307870783966,
          "median": 149.0,
          "p25": 117.0,
          "p75": 178.0
        },
        "FP": {
          "n": 42,
          "mean": 140.9047619047619,
          "std": 29.956724497595776,
          "median": 145.0,
          "p25": 124.5,
          "p75": 155.0
        },
        "FN": {
          "n": 56,
          "mean": 131.91964285714286,
          "std": 46.607210404489045,
          "median": 125.125,
          "p25": 102.0,
          "p75": 176.0
        },
        "MIS": {
          "n": 0,
          "mean": 0.0,
          "std": 0.0,
          "median": 0.0,
          "p25": 0.0,
          "p75": 0.0
        },
        "CORRECT": {
          "n": 0,
          "mean": 0.0,
          "std": 0.0,
          "median": 0.0,
          "p25": 0.0,
          "p75": 0.0
        }
      },
      "sharpness_laplacian_var": {
        "TP": {
          "n": 1207,
          "mean": 260.73929994483575,
          "std": 99.99195272536022,
          "median": 254.12689208984375,
          "p25": 195.35858917236328,
          "p75": 317.4727020263672
        },
        "TN": {
          "n": 1153,
          "mean": 394.71375269033757,
          "std": 169.8014149295565,
          "median": 392.5834655761719,
          "p25": 265.73455810546875,
          "p75": 524.4319458007812
        },
        "FP": {
          "n": 42,
          "mean": 302.3029960450672,
          "std": 117.64250487735694,
          "median": 298.70361328125,
          "p25": 216.2203025817871,
          "p75": 388.3587341308594
        },
        "FN": {
          "n": 56,
          "mean": 322.8415026664734,
          "std": 160.23075003280871,
          "median": 310.0511474609375,
          "p25": 186.75336837768555,
          "p75": 469.42378997802734
        },
        "MIS": {
          "n": 0,
          "mean": 0.0,
          "std": 0.0,
          "median": 0.0,
          "p25": 0.0,
          "p75": 0.0
        },
        "CORRECT": {
          "n": 0,
          "mean": 0.0,
          "std": 0.0,
          "median": 0.0,
          "p25": 0.0,
          "p75": 0.0
        }
      },
      "snr_mean_over_std": {
        "TP": {
          "n": 1207,
          "mean": 0.5547832977507389,
          "std": 0.05470746002729047,
          "median": 0.5628875782676933,
          "p25": 0.5232741034635158,
          "p75": 0.5906607176896581
        },
        "TN": {
          "n": 1153,
          "mean": 0.44006140063543414,
          "std": 0.10445796802486255,
          "median": 0.4442061762499731,
          "p25": 0.36057030659673517,
          "p75": 0.5197776632505648
        },
        "FP": {
          "n": 42,
          "mean": 0.5593794577865934,
          "std": 0.05511135406629679,
          "median": 0.5546756266891589,
          "p25": 0.529408378008778,
          "p75": 0.6045344260672444
        },
        "FN": {
          "n": 56,
          "mean": 0.4487260387455249,
          "std": 0.11545343055825827,
          "median": 0.48324197784456396,
          "p25": 0.3603318240170366,
          "p75": 0.5377236472476067
        },
        "MIS": {
          "n": 0,
          "mean": 0.0,
          "std": 0.0,
          "median": 0.0,
          "p25": 0.0,
          "p75": 0.0
        },
        "CORRECT": {
          "n": 0,
          "mean": 0.0,
          "std": 0.0,
          "median": 0.0,
          "p25": 0.0,
          "p75": 0.0
        }
      }
    },
    "texture": {
      "entropy": {
        "TP": {
          "n": 1207,
          "mean": 2.754501379098691,
          "std": 0.3415520865940642,
          "median": 2.7968691763588533,
          "p25": 2.5586989645014997,
          "p75": 2.9881804555562956
        },
        "TN": {
          "n": 1153,
          "mean": 1.9135127556470908,
          "std": 0.5737455941835262,
          "median": 1.958807329705751,
          "p25": 1.4768547273524941,
          "p75": 2.355311174334643
        },
        "FP": {
          "n": 42,
          "mean": 2.6717610358979207,
          "std": 0.3404197788084308,
          "median": 2.5974231581950855,
          "p25": 2.4132883037703907,
          "p75": 3.0059204254615914
        },
        "FN": {
          "n": 56,
          "mean": 1.9820706218827655,
          "std": 0.670009522567304,
          "median": 2.2000736168748953,
          "p25": 1.5016698244714537,
          "p75": 2.4214182137938476
        },
        "MIS": {
          "n": 0,
          "mean": 0.0,
          "std": 0.0,
          "median": 0.0,
          "p25": 0.0,
          "p75": 0.0
        },
        "CORRECT": {
          "n": 0,
          "mean": 0.0,
          "std": 0.0,
          "median": 0.0,
          "p25": 0.0,
          "p75": 0.0
        }
      },
      "glcm_contrast": {
        "TP": {
          "n": 1207,
          "mean": 0.35654483482270566,
          "std": 0.11699743686822218,