{
  "labels": [
    "0",
    "1"
  ],
  "matrix_mean": [
    [
      1141.199951171875,
      53.79999923706055
    ],
    [
      54.20000076293945,
      1208.800048828125
    ]
  ],
  "tp_mean": 1208.8,
  "fp_mean": 53.8,
  "fn_mean": 54.2,
  "tn_mean": 1141.2
}