{
  "total_duration_sec": 939.3449110500005,
  "total_duration_min": 15.655748517500008,
  "per_seed_duration_sec": [
    243.12416867499996,
    197.58776601999944,
    227.36728549499912,
    135.66949555599967,
    135.07097910599987
  ],
  "per_seed_duration_stats_sec": {
    "mean": 187.7639389703996,
    "std": 50.547172820844864
  }
}