{
  "run_dir": "runs/vgg16_sz224_bs64_lr0.0001_wd0.0001_aug0_amp1",
  "seed_dir": "runs/vgg16_sz224_bs64_lr0.0001_wd0.0001_aug0_amp1/seed_42",
  "seed": 42,
  "num_samples": 2458,
  "summary": {
    "quality_intensity": {
      "brightness_mean": {
        "TP": {
          "n": 1191,
          "mean": 29.836664301121967,
          "std": 7.333538497688742,
          "median": 30.34699821472168,
          "p25": 24.85809898376465,
          "p75": 34.80880355834961
        },
        "TN": {
          "n": 1151,
          "mean": 22.464925800583654,
          "std": 9.056608737074791,
          "median": 21.217334747314453,
          "p25": 15.385144233703613,
          "p75": 28.347597122192383
        },
        "FP": {
          "n": 44,
          "mean": 31.12590841813521,
          "std": 8.769069763218514,
          "median": 30.55415916442871,
          "p25": 26.434948444366455,
          "p75": 39.02139377593994
        },
        "FN": {
          "n": 72,
          "mean": 21.641326712237465,
          "std": 7.690517911926451,
          "median": 20.89628505706787,
          "p25": 16.987294673919678,
          "p75": 27.259073734283447
        },
        "MIS": {
          "n": 0,
          "mean": 0.0,
          "std": 0.0,
          "median": 0.0,
          "p25": 0.0,
          "p75": 0.0
        },
        "CORRECT": {
          "n": 0,
          "mean": 0.0,
          "std": 0.0,
          "median": 0.0,
          "p25": 0.0,
          "p75": 0.0
        }
      },
      "brightness_std": {
        "TP": {
          "n": 1191,
          "mean": 53.36557513860772,
          "std": 10.38027664953396,
          "median": 54.25835037231445,
          "p25": 46.82084274291992,
          "p75": 61.325321197509766
        },
        "TN": {
          "n": 1151,
          "mean": 49.867001698392045,
          "std": 12.491745276815582,
          "median": 49.038604736328125,
          "p25": 40.401851654052734,
          "p75": 59.30982780456543
        },
        "FP": {
          "n": 44,
          "mean": 56.37763201106679,
          "std": 12.996585092941855,
          "median": 58.44009971618652,
          "p25": 48.77250957489014,
          "p75": 68.65308380126953
        },
        "FN": {
          "n": 72,
          "mean": 45.36637372440762,
          "std": 11.422129672817457,
          "median": 43.59437370300293,
          "p25": 36.939104080200195,
          "p75": 55.57834529876709
        },
        "MIS": {
          "n": 0,
          "mean": 0.0,
          "std": 0.0,
          "median": 0.0,
          "p25": 0.0,
          "p75": 0.0
        },
        "CORRECT": {
          "n": 0,
          "mean": 0.0,
          "std": 0.0,
          "median": 0.0,
          "p25": 0.0,
          "p75": 0.0
        }
      },
      "contrast_p95_p5": {
        "TP": {
          "n": 1191,
          "mean": 139.0560453400504,
          "std": 29.917943752556525,
          "median": 143.0,
          "p25": 121.0,
          "p75": 161.0
        },
        "TN": {
          "n": 1151,
          "mean": 143.9463509991312,
          "std": 39.52481058639757,
          "median": 148.0,
          "p25": 117.0,
          "p75": 177.0
        },
        "FP": {
          "n": 44,
          "mean": 148.1875,
          "std": 36.855158240787524,
          "median": 158.0,
          "p25": 121.75,
          "p75": 182.25
        },
        "FN": {
          "n": 72,
          "mean": 126.77083333333333,
          "std": 38.3060955231064,
          "median": 120.0,
          "p25": 104.0,
          "p75": 154.0
        },
        "MIS": {
          "n": 0,
          "mean": 0.0,
          "std": 0.0,
          "median": 0.0,
          "p25": 0.0,
          "p75": 0.0
        },
        "CORRECT": {
          "n": 0,
          "mean": 0.0,
          "std": 0.0,
          "median": 0.0,
          "p25": 0.0,
          "p75": 0.0
        }
      },
      "sharpness_laplacian_var": {
        "TP": {
          "n": 1191,
          "mean": 261.02054103335644,
          "std": 102.40842670015111,
          "median": 253.43417358398438,
          "p25": 194.89004516601562,
          "p75": 315.2658386230469
        },
        "TN": {
          "n": 1151,
          "mean": 391.73154619483716,
          "std": 169.46433149154603,
          "median": 386.7792053222656,
          "p25": 263.9154510498047,
          "p75": 515.5221862792969
        },
        "FP": {
          "n": 44,
          "mean": 384.5152958089655,
          "std": 159.97577637308584,
          "median": 406.86668395996094,
          "p25": 244.4021873474121,
          "p75": 529.5115814208984
        },
        "FN": {
          "n": 72,
          "mean": 304.3888168334961,
          "std": 122.68790850175064,
          "median": 312.10643005371094,
          "p25": 192.57044219970703,
          "p75": 362.98241424560547
        },
        "MIS": {
          "n": 0,
          "mean": 0.0,
          "std": 0.0,
          "median": 0.0,
          "p25": 0.0,
          "p75": 0.0
        },
        "CORRECT": {
          "n": 0,
          "mean": 0.0,
          "std": 0.0,
          "median": 0.0,
          "p25": 0.0,
          "p75": 0.0
        }
      },
      "snr_mean_over_std": {
        "TP": {
          "n": 1191,
          "mean": 0.5549873988739735,
          "std": 0.0558742918867152,
          "median": 0.5632799454232066,
          "p25": 0.5236422322559687,
          "p75": 0.5910455127661577
        },
        "TN": {
          "n": 1151,
          "mean": 0.44027388504821413,
          "std": 0.104442414371302,
          "median": 0.44461362570137153,
          "p25": 0.36052285663766903,
          "p75": 0.5206865512984743
        },
        "FP": {
          "n": 44,
          "mean": 0.5483975106635893,
          "std": 0.07338420852429631,
          "median": 0.5718426897611772,
          "p25": 0.49353536408227927,
          "p75": 0.6002493724710511
        },
        "FN": {
          "n": 72,
          "mean": 0.4689181457776201,
          "std": 0.10115290549063112,
          "median": 0.4874291930327607,
          "p25": 0.44962243472306807,
          "p75": 0.5437745009285957
        },
        "MIS": {
          "n": 0,
          "mean": 0.0,
          "std": 0.0,
          "median": 0.0,
          "p25": 0.0,
          "p75": 0.0
        },
        "CORRECT": {
          "n": 0,
          "mean": 0.0,
          "std": 0.0,
          "median": 0.0,
          "p25": 0.0,
          "p75": 0.0
        }
      }
    },
    "texture": {
      "entropy": {
        "TP": {
          "n": 1191,
          "mean": 2.7549709585353557,
          "std": 0.34912085691712486,
          "median": 2.8002437641034748,
          "p25": 2.561856028047594,
          "p75": 2.9896026840236907
        },
        "TN": {
          "n": 1151,
          "mean": 1.9159932095685897,
          "std": 0.5748458884148391,
          "median": 1.961191334682468,
          "p25": 1.4728361809236759,
          "p75": 2.3618694543362073
        },
        "FP": {
          "n": 44,
          "mean": 2.5724087853491238,
          "std": 0.45735346258666365,
          "median": 2.739883236122753,
          "p25": 2.309906117417735,
          "p75": 2.8647922273749304
        },
        "FN": {
          "n": 72,
          "mean": 2.1459542747492506,
          "std": 0.6176319587532697,
          "median": 2.3464521337684636,
          "p25": 1.9613691606342236,
          "p75": 2.560268028690313
        },
        "MIS": {
          "n": 0,
          "mean": 0.0,
          "std": 0.0,
          "median": 0.0,
          "p25": 0.0,
          "p75": 0.0
        },
        "CORRECT": {
          "n": 0,
          "mean": 0.0,
          "std": 0.0,
          "median": 0.0,
          "p25": 0.0,
          "p75": 0.0
        }
      },
      "glcm_contrast": {
        "TP": {
          "n": 1191,
          "mean": 0.35767075267151516,
          "std": 0.11904741617231332,