{
  "run_dir": "runs/vgg16_sz224_bs64_lr0.0001_wd0.0001_aug0_amp1",
  "seed_dir": "runs/vgg16_sz224_bs64_lr0.0001_wd0.0001_aug0_amp1/seed_46",
  "seed": 46,
  "num_samples": 2458,
  "summary": {
    "quality_intensity": {
      "brightness_mean": {
        "TP": {
          "n": 1214,
          "mean": 29.720601793961627,
          "std": 7.272682404588838,
          "median": 30.18688201904297,
          "p25": 24.55952501296997,
          "p75": 34.55968952178955
        },
        "TN": {
          "n": 1158,
          "mean": 22.63455681788489,
          "std": 9.213705202866139,
          "median": 21.28022289276123,
          "p25": 15.393051624298096,
          "p75": 28.545663833618164
        },
        "FP": {
          "n": 37,
          "mean": 27.45548031781171,
          "std": 6.986694297300521,
          "median": 26.94987678527832,
          "p25": 24.05855369567871,
          "p75": 30.95567512512207
        },
        "FN": {
          "n": 49,
          "mean": 20.67004342954986,
          "std": 9.940009692680082,
          "median": 20.229751586914062,
          "p25": 13.322305679321289,
          "p75": 28.31479263305664
        },
        "MIS": {
          "n": 0,
          "mean": 0.0,
          "std": 0.0,
          "median": 0.0,
          "p25": 0.0,
          "p75": 0.0
        },
        "CORRECT": {
          "n": 0,
          "mean": 0.0,
          "std": 0.0,
          "median": 0.0,
          "p25": 0.0,
          "p75": 0.0
        }
      },
      "brightness_std": {
        "TP": {
          "n": 1214,
          "mean": 53.17445927514669,
          "std": 10.36727178170374,
          "median": 54.08994674682617,
          "p25": 46.537102699279785,
          "p75": 61.135600090026855
        },
        "TN": {
          "n": 1158,
          "mean": 50.13697403988484,
          "std": 12.637574976579918,
          "median": 49.3987922668457,
          "p25": 40.511651039123535,
          "p75": 60.041619300842285
        },
        "FP": {
          "n": 37,
          "mean": 49.15996824728476,
          "std": 10.128509757566576,
          "median": 50.43320846557617,
          "p25": 43.99943161010742,
          "p75": 55.25993728637695
        },
        "FN": {
          "n": 49,
          "mean": 46.34663955532775,
          "std": 13.890034347971536,
          "median": 44.69477462768555,
          "p25": 36.40105438232422,
          "p75": 57.340938568115234
        },
        "MIS": {
          "n": 0,
          "mean": 0.0,
          "std": 0.0,
          "median": 0.0,
          "p25": 0.0,
          "p75": 0.0
        },
        "CORRECT": {
          "n": 0,
          "mean": 0.0,
          "std": 0.0,
          "median": 0.0,
          "p25": 0.0,
          "p75": 0.0
        }
      },
      "contrast_p95_p5": {
        "TP": {
          "n": 1214,
          "mean": 138.67915980230643,
          "std": 29.654904513431514,
          "median": 143.0,
          "p25": 120.0,
          "p75": 160.0
        },
        "TN": {
          "n": 1158,
          "mean": 144.64896373056996,
          "std": 39.635912458292786,
          "median": 149.0,
          "p25": 117.0,
          "p75": 178.0
        },
        "FP": {
          "n": 37,
          "mean": 127.0,
          "std": 27.33028438279493,
          "median": 129.0,
          "p25": 109.0,
          "p75": 148.0
        },
        "FN": {
          "n": 49,
          "mean": 130.34183673469389,
          "std": 47.7791058184027,
          "median": 141.0,
          "p25": 108.0,
          "p75": 167.0
        },
        "MIS": {
          "n": 0,
          "mean": 0.0,
          "std": 0.0,
          "median": 0.0,
          "p25": 0.0,
          "p75": 0.0
        },
        "CORRECT": {
          "n": 0,
          "mean": 0.0,
          "std": 0.0,
          "median": 0.0,
          "p25": 0.0,
          "p75": 0.0
        }
      },
      "sharpness_laplacian_var": {
        "TP": {
          "n": 1214,
          "mean": 260.83264965201914,
          "std": 101.48492125562312,
          "median": 253.63775634765625,
          "p25": 194.00696563720703,
          "p75": 318.026611328125
        },
        "TN": {
          "n": 1158,
          "mean": 394.5374313084367,
          "std": 169.40046244885124,
          "median": 391.74957275390625,
          "p25": 265.9425735473633,
          "p75": 523.9626617431641
        },
        "FP": {
          "n": 37,
          "mean": 295.3334386670912,
          "std": 126.25248411755955,
          "median": 298.2261657714844,
          "p25": 200.0310821533203,
          "p75": 389.5663146972656
        },
        "FN": {
          "n": 49,
          "mean": 329.4004592895508,
          "std": 141.5808786814852,
          "median": 313.36029052734375,
          "p25": 234.59898376464844,
          "p75": 395.1278381347656
        },
        "MIS": {
          "n": 0,
          "mean": 0.0,
          "std": 0.0,
          "median": 0.0,
          "p25": 0.0,
          "p75": 0.0
        },
        "CORRECT": {
          "n": 0,
          "mean": 0.0,
          "std": 0.0,
          "median": 0.0,
          "p25": 0.0,
          "p75": 0.0
        }
      },
      "snr_mean_over_std": {
        "TP": {
          "n": 1214,
          "mean": 0.5551215611848779,
          "std": 0.053105822555608966,
          "median": 0.5629003034831541,
          "p25": 0.5226798605289649,
          "p75": 0.5906813391070443
        },
        "TN": {
          "n": 1158,
          "mean": 0.4407046511874609,
          "std": 0.10462809641547989,
          "median": 0.4445469360182601,
          "p25": 0.36077428982875204,
          "p75": 0.520938112092855
        },
        "FP": {
          "n": 37,
          "mean": 0.5553715158003474,
          "std": 0.06108121755699422,
          "median": 0.5559700701813801,
          "p25": 0.5105697953511364,
          "p75": 0.6070087098561525
        },
        "FN": {
          "n": 49,
          "mean": 0.42519435258059696,
          "std": 0.12319662787653773,
          "median": 0.4530137998208824,
          "p25": 0.3140907690538745,
          "p75": 0.5303966434978059
        },
        "MIS": {
          "n": 0,
          "mean": 0.0,
          "std": 0.0,
          "median": 0.0,
          "p25": 0.0,
          "p75": 0.0
        },
        "CORRECT": {
          "n": 0,
          "mean": 0.0,
          "std": 0.0,
          "median": 0.0,
          "p25": 0.0,
          "p75": 0.0
        }
      }
    },
    "texture": {
      "entropy": {
        "TP": {
          "n": 1214,
          "mean": 2.7550385605525705,
          "std": 0.3322067918941766,
          "median": 2.7956684396820477,
          "p25": 2.5535844487183446,
          "p75": 2.9871939618696897
        },
        "TN": {
          "n": 1158,
          "mean": 1.9176127655433601,
          "std": 0.5759609411164385,
          "median": 1.959383657515306,
          "p25": 1.4825643722288766,
          "p75": 2.3635802090360922
        },
        "FP": {
          "n": 37,
          "mean": 2.6459077910701856,
          "std": 0.35117477132265873,
          "median": 2.6372872048109075,
          "p25": 2.3928555667279454,
          "p75": 2.903230784329746
        },
        "FN": {
          "n": 49,
          "mean": 1.8584144262598832,
          "std": 0.7299773266175308,
          "median": 2.0014141349504087,
          "p25": 1.1636459894012658,
          "p75": 2.452775264509339
        },
        "MIS": {
          "n": 0,
          "mean": 0.0,
          "std": 0.0,
          "median": 0.0,
          "p25": 0.0,
          "p75": 0.0
        },
        "CORRECT": {
          "n": 0,
          "mean": 0.0,
          "std": 0.0,
          "median": 0.0,
          "p25": 0.0,
          "p75": 0.0
        }
      },
      "glcm_contrast": {
        "TP": {
          "n": 1214,
          "mean": 0.35640956669308627,
          "std": 0.11768277513068229,
          "median": 0.34437059577194107,