{
  "run_dir": "runs/resnet18_sz224_bs64_lr0.0001_wd0.0001_aug1_amp1_run003",
  "seed_dir": "runs/resnet18_sz224_bs64_lr0.0001_wd0.0001_aug1_amp1_run003/seed_45",
  "seed": 45,
  "num_samples": 2458,
  "summary": {
    "quality_intensity": {
      "brightness_mean": {
        "TP": {
          "n": 1231,
          "mean": 29.574655986432617,
          "std": 7.434371186297232,
          "median": 30.093730926513672,
          "p25": 24.45700168609619,
          "p75": 34.497249603271484
        },
        "TN": {
          "n": 1130,
          "mean": 22.4993163269178,
          "std": 9.042419048738209,
          "median": 21.278050422668457,
          "p25": 15.393051624298096,
          "p75": 28.341787338256836
        },
        "FP": {
          "n": 65,
          "mean": 27.72987873004033,
          "std": 10.320189729141163,
          "median": 27.541234970092773,
          "p25": 18.76819610595703,
          "p75": 33.64179992675781
        },
        "FN": {
          "n": 32,
          "mean": 21.476287081837654,
          "std": 9.386022442294362,
          "median": 22.673897743225098,
          "p25": 15.21496295928955,
          "p75": 26.31303358078003
        },
        "MIS": {
          "n": 0,
          "mean": 0.0,
          "std": 0.0,
          "median": 0.0,
          "p25": 0.0,
          "p75": 0.0
        },
        "CORRECT": {
          "n": 0,
          "mean": 0.0,
          "std": 0.0,
          "median": 0.0,
          "p25": 0.0,
          "p75": 0.0
        }
      },
      "brightness_std": {
        "TP": {
          "n": 1231,
          "mean": 53.0247541934276,
          "std": 10.486393435359524,
          "median": 54.03407287597656,
          "p25": 46.46999549865723,
          "p75": 61.06597709655762
        },
        "TN": {
          "n": 1130,
          "mean": 50.05571329234976,
          "std": 12.48040778599169,
          "median": 49.239933013916016,
          "p25": 40.5734748840332,
          "p75": 59.84882926940918
        },
        "FP": {
          "n": 65,
          "mean": 50.99351912278395,
          "std": 14.032384838503095,
          "median": 50.85197448730469,
          "p25": 39.884071350097656,
          "p75": 58.14244842529297
        },
        "FN": {
          "n": 32,
          "mean": 48.47832769155502,
          "std": 13.829819495740198,
          "median": 45.32920265197754,
          "p25": 39.702799797058105,
          "p75": 58.95551586151123
        },
        "MIS": {
          "n": 0,
          "mean": 0.0,
          "std": 0.0,
          "median": 0.0,
          "p25": 0.0,
          "p75": 0.0
        },
        "CORRECT": {
          "n": 0,
          "mean": 0.0,
          "std": 0.0,
          "median": 0.0,
          "p25": 0.0,
          "p75": 0.0
        }
      },
      "contrast_p95_p5": {
        "TP": {
          "n": 1231,
          "mean": 138.3751015434606,
          "std": 29.927449324304035,
          "median": 143.0,
          "p25": 120.0,
          "p75": 160.0
        },
        "TN": {
          "n": 1130,
          "mean": 144.69579646017698,
          "std": 39.45869893498061,
          "median": 149.0,
          "p25": 117.0,
          "p75": 178.0
        },
        "FP": {
          "n": 65,
          "mean": 133.78846153846155,
          "std": 37.61620616630754,
          "median": 134.0,
          "p25": 109.0,
          "p75": 158.0
        },
        "FN": {
          "n": 32,
          "mean": 137.609375,
          "std": 50.1315180582294,
          "median": 143.625,
          "p25": 113.5,
          "p75": 178.0
        },
        "MIS": {
          "n": 0,
          "mean": 0.0,
          "std": 0.0,
          "median": 0.0,
          "p25": 0.0,
          "p75": 0.0
        },
        "CORRECT": {
          "n": 0,
          "mean": 0.0,
          "std": 0.0,
          "median": 0.0,
          "p25": 0.0,
          "p75": 0.0
        }
      },
      "sharpness_laplacian_var": {
        "TP": {
          "n": 1231,
          "mean": 261.31438205573346,
          "std": 101.984814845425,
          "median": 254.12689208984375,
          "p25": 194.45720672607422,
          "p75": 319.07289123535156
        },
        "TN": {
          "n": 1130,
          "mean": 396.19022367696846,
          "std": 169.5411271097429,
          "median": 395.3797302246094,
          "p25": 268.75685119628906,
          "p75": 525.6579895019531
        },
        "FP": {
          "n": 65,
          "mean": 309.3343066288875,
          "std": 137.65206258230225,
          "median": 298.2261657714844,
          "p25": 196.48867797851562,
          "p75": 396.5436706542969
        },
        "FN": {
          "n": 32,
          "mean": 347.2954647541046,
          "std": 145.1181182516147,
          "median": 339.45191955566406,
          "p25": 229.20413208007812,
          "p75": 467.72359466552734
        },
        "MIS": {
          "n": 0,
          "mean": 0.0,
          "std": 0.0,
          "median": 0.0,
          "p25": 0.0,
          "p75": 0.0
        },
        "CORRECT": {
          "n": 0,
          "mean": 0.0,
          "std": 0.0,
          "median": 0.0,
          "p25": 0.0,
          "p75": 0.0
        }
      },
      "snr_mean_over_std": {
        "TP": {
          "n": 1231,
          "mean": 0.5532607901719865,
          "std": 0.05697010948167784,
          "median": 0.5621592405422522,
          "p25": 0.5206019865443241,
          "p75": 0.5904540939717342
        },
        "TN": {
          "n": 1130,
          "mean": 0.43933934510642675,
          "std": 0.10414450474181886,
          "median": 0.4431481777270856,
          "p25": 0.36049913165813596,
          "p75": 0.5192888105543954
        },
        "FP": {
          "n": 65,
          "mean": 0.5297118798373891,
          "std": 0.09050671091256023,
          "median": 0.5450360658299959,
          "p25": 0.49528587757339304,
          "p75": 0.6016350777221857
        },
        "FN": {
          "n": 32,
          "mean": 0.42775205791173915,
          "std": 0.12196611508477392,
          "median": 0.45704936178660827,
          "p25": 0.319836135402052,
          "p75": 0.5377236472476067
        },
        "MIS": {
          "n": 0,
          "mean": 0.0,
          "std": 0.0,
          "median": 0.0,
          "p25": 0.0,
          "p75": 0.0
        },
        "CORRECT": {
          "n": 0,
          "mean": 0.0,
          "std": 0.0,
          "median": 0.0,
          "p25": 0.0,
          "p75": 0.0
        }
      }
    },
    "texture": {
      "entropy": {
        "TP": {
          "n": 1231,
          "mean": 2.743440032018488,
          "std": 0.3567588764367028,
          "median": 2.794298841566504,
          "p25": 2.5438141622818042,
          "p75": 2.9835399893105587
        },
        "TN": {
          "n": 1130,
          "mean": 1.9079987362933002,
          "std": 0.5711414472127408,
          "median": 1.952684739364011,
          "p25": 1.464311054215726,
          "p75": 2.3517021527733744
        },
        "FP": {
          "n": 65,
          "mean": 2.499316903959671,
          "std": 0.52285161782053,
          "median": 2.5071844773400658,
          "p25": 2.2982140396216817,
          "p75": 2.9353341446643526
        },
        "FN": {
          "n": 32,
          "mean": 1.8282637494623644,
          "std": 0.6871489929747406,
          "median": 1.9869698453353202,
          "p25": 1.213593085521681,
          "p75": 2.4214182137938476
        },
        "MIS": {
          "n": 0,
          "mean": 0.0,
          "std": 0.0,
          "median": 0.0,
          "p25": 0.0,
          "p75": 0.0
        },
        "CORRECT": {
          "n": 0,
          "mean": 0.0,
          "std": 0.0,
          "median": 0.0,
          "p25": 0.0,
          "p75": 0.0
        }
      },
      "glcm_contrast": {
        "TP": {
          "n": 1231,
          "mean": 0.3563187678855699,
          "std": 0.11834986795296483,