{
  "run_dir": "runs/resnet18_sz224_bs64_lr0.0001_wd0.0001_aug1_amp1_run004",
  "seed_dir": "runs/resnet18_sz224_bs64_lr0.0001_wd0.0001_aug1_amp1_run004/seed_43",
  "seed": 43,
  "num_samples": 2458,
  "summary": {
    "quality_intensity": {
      "brightness_mean": {
        "TP": {
          "n": 1202,
          "mean": 29.626012307038522,
          "std": 7.263184047297822,
          "median": 30.11366081237793,
          "p25": 24.54806137084961,
          "p75": 34.4831657409668
        },
        "TN": {
          "n": 1166,
          "mean": 22.69060518463521,
          "std": 9.210754511033052,
          "median": 21.334043502807617,
          "p25": 15.427121877670288,
          "p75": 28.5964298248291
        },
        "FP": {
          "n": 29,
          "mean": 26.531859365002862,
          "std": 7.457694458674959,
          "median": 26.546794891357422,
          "p25": 23.35483169555664,
          "p75": 30.15264320373535
        },
        "FN": {
          "n": 61,
          "mean": 24.314359227164847,
          "std": 11.374819779483925,
          "median": 24.32260513305664,
          "p25": 15.682337760925293,
          "p75": 31.334880828857422
        },
        "MIS": {
          "n": 0,
          "mean": 0.0,
          "std": 0.0,
          "median": 0.0,
          "p25": 0.0,
          "p75": 0.0
        },
        "CORRECT": {
          "n": 0,
          "mean": 0.0,
          "std": 0.0,
          "median": 0.0,
          "p25": 0.0,
          "p75": 0.0
        }
      },
      "brightness_std": {
        "TP": {
          "n": 1202,
          "mean": 53.03780090789033,
          "std": 10.36858434832835,
          "median": 54.031118392944336,
          "p25": 46.51061725616455,
          "p75": 61.00909996032715
        },
        "TN": {
          "n": 1166,
          "mean": 50.17628416679736,
          "std": 12.6118379204374,
          "median": 49.428436279296875,
          "p25": 40.5734748840332,
          "p75": 60.041619300842285
        },
        "FP": {
          "n": 29,
          "mean": 47.309911201740135,
          "std": 10.306490958307789,
          "median": 49.86968231201172,
          "p25": 39.82387924194336,
          "p75": 51.83021926879883
        },
        "FN": {
          "n": 61,
          "mean": 50.38265913040912,
          "std": 14.320328577451408,
          "median": 48.850460052490234,
          "p25": 40.733055114746094,
          "p75": 62.170928955078125
        },
        "MIS": {
          "n": 0,
          "mean": 0.0,
          "std": 0.0,
          "median": 0.0,
          "p25": 0.0,
          "p75": 0.0
        },
        "CORRECT": {
          "n": 0,
          "mean": 0.0,
          "std": 0.0,
          "median": 0.0,
          "p25": 0.0,
          "p75": 0.0
        }
      },
      "contrast_p95_p5": {
        "TP": {
          "n": 1202,
          "mean": 138.27225457570717,
          "std": 29.677600380670732,
          "median": 142.0,
          "p25": 119.25,
          "p75": 160.0
        },
        "TN": {
          "n": 1166,
          "mean": 144.6753859348199,
          "std": 39.52632912448277,
          "median": 149.0,
          "p25": 117.0,
          "p75": 178.0
        },
        "FP": {
          "n": 29,
          "mean": 121.06896551724138,
          "std": 26.61086114793136,
          "median": 126.0,
          "p25": 100.0,
          "p75": 137.0
        },
        "FN": {
          "n": 61,
          "mean": 140.0,
          "std": 45.02087478788775,
          "median": 149.0,
          "p25": 118.0,
          "p75": 176.0
        },
        "MIS": {
          "n": 0,
          "mean": 0.0,
          "std": 0.0,
          "median": 0.0,
          "p25": 0.0,
          "p75": 0.0
        },
        "CORRECT": {
          "n": 0,
          "mean": 0.0,
          "std": 0.0,
          "median": 0.0,
          "p25": 0.0,
          "p75": 0.0
        }
      },
      "sharpness_laplacian_var": {
        "TP": {
          "n": 1202,
          "mean": 259.9409100664237,
          "std": 99.42212739539488,
          "median": 253.91989135742188,
          "p25": 195.02766799926758,
          "p75": 316.09080505371094
        },
        "TN": {
          "n": 1166,
          "mean": 394.47893409990735,
          "std": 169.07339601918304,
          "median": 392.2082977294922,
          "p25": 266.79151153564453,
          "p75": 522.175048828125
        },
        "FP": {
          "n": 29,
          "mean": 270.31881121931406,
          "std": 118.00083216159362,
          "median": 249.10311889648438,
          "p25": 200.0310821533203,
          "p75": 304.241455078125
        },
        "FN": {
          "n": 61,
          "mean": 333.483365293409,
          "std": 157.63574037392019,
          "median": 332.73883056640625,
          "p25": 187.61654663085938,
          "p75": 481.0462341308594
        },
        "MIS": {
          "n": 0,
          "mean": 0.0,
          "std": 0.0,
          "median": 0.0,
          "p25": 0.0,
          "p75": 0.0
        },
        "CORRECT": {
          "n": 0,
          "mean": 0.0,
          "std": 0.0,
          "median": 0.0,
          "p25": 0.0,
          "p75": 0.0
        }
      },
      "snr_mean_over_std": {
        "TP": {
          "n": 1202,
          "mean": 0.5547345305024228,
          "std": 0.05277426390594789,
          "median": 0.5622366052322227,
          "p25": 0.5225132900235094,
          "p75": 0.5903926798979835
        },
        "TN": {
          "n": 1166,
          "mean": 0.4414843487012388,
          "std": 0.10477443658028612,
          "median": 0.44482129883190663,
          "p25": 0.3609968312845293,
          "p75": 0.5215964705505707
        },
        "FP": {
          "n": 29,
          "mean": 0.5556545370361391,
          "std": 0.06370435157316409,
          "median": 0.5623489914739122,
          "p25": 0.5105697953511364,
          "p75": 0.6090825472487421
        },
        "FN": {
          "n": 61,
          "mean": 0.4583802113275224,
          "std": 0.13295492126709893,
          "median": 0.48570742676224904,
          "p25": 0.32970918593202836,
          "p75": 0.5652146304926934
        },
        "MIS": {
          "n": 0,
          "mean": 0.0,
          "std": 0.0,
          "median": 0.0,
          "p25": 0.0,
          "p75": 0.0
        },
        "CORRECT": {
          "n": 0,
          "mean": 0.0,
          "std": 0.0,
          "median": 0.0,
          "p25": 0.0,
          "p75": 0.0
        }
      }
    },
    "texture": {
      "entropy": {
        "TP": {
          "n": 1202,
          "mean": 2.7546068643624615,
          "std": 0.33148472047634797,
          "median": 2.795207722998335,
          "p25": 2.5515512762416654,
          "p75": 2.9877294357787467
        },
        "TN": {
          "n": 1166,
          "mean": 1.9222903160079776,
          "std": 0.5770946096443381,
          "median": 1.966133707934713,
          "p25": 1.4834045155970963,
          "p75": 2.3673713098410114
        },
        "FP": {
          "n": 29,
          "mean": 2.6587469759829747,
          "std": 0.3748148910392971,
          "median": 2.716153383068626,
          "p25": 2.3804825563662986,
          "p75": 2.9843744116122073
        },
        "FN": {
          "n": 61,
          "mean": 2.043306039899606,
          "std": 0.7742709987464165,
          "median": 2.2741855233271826,
          "p25": 1.285228312265506,
          "p75": 2.573663905091869
        },
        "MIS": {
          "n": 0,
          "mean": 0.0,
          "std": 0.0,
          "median": 0.0,
          "p25": 0.0,
          "p75": 0.0
        },
        "CORRECT": {
          "n": 0,
          "mean": 0.0,
          "std": 0.0,
          "median": 0.0,
          "p25": 0.0,
          "p75": 0.0
        }
      },
      "glcm_contrast": {
        "TP": {
          "n": 1202,
          "mean": 0.3550336442785407,
          "std": 0.11619514025138045,