{
  "seed": 43,
  "duration_sec": 100.36972291099937,
  "duration_min": 1.6728287151833228
}