{
  "run_dir": "runs/resnet18_sz224_bs64_lr0.0001_wd0.0001_aug0_amp1",
  "seed_dir": "runs/resnet18_sz224_bs64_lr0.0001_wd0.0001_aug0_amp1/seed_44",
  "seed": 44,
  "num_samples": 2458,
  "summary": {
    "quality_intensity": {
      "brightness_mean": {
        "TP": {
          "n": 1198,
          "mean": 29.73780048510467,
          "std": 7.335952857529433,
          "median": 30.22610378265381,
          "p25": 24.63084363937378,
          "p75": 34.687883377075195
        },
        "TN": {
          "n": 1144,
          "mean": 22.32600645064474,
          "std": 8.912241981029968,
          "median": 21.202746391296387,
          "p25": 15.315564155578613,
          "p75": 28.161191940307617
        },
        "FP": {
          "n": 51,
          "mean": 33.053297790826534,
          "std": 9.387707842800056,
          "median": 33.194515228271484,
          "p25": 26.80634117126465,
          "p75": 41.44261169433594
        },
        "FN": {
          "n": 65,
          "mean": 22.58088807326097,
          "std": 8.998634102376702,
          "median": 23.022918701171875,
          "p25": 16.992944717407227,
          "p75": 30.054628372192383
        },
        "MIS": {
          "n": 0,
          "mean": 0.0,
          "std": 0.0,
          "median": 0.0,
          "p25": 0.0,
          "p75": 0.0
        },
        "CORRECT": {
          "n": 0,
          "mean": 0.0,
          "std": 0.0,
          "median": 0.0,
          "p25": 0.0,
          "p75": 0.0
        }
      },
      "brightness_std": {
        "TP": {
          "n": 1198,
          "mean": 53.19134702825785,
          "std": 10.396929167368159,
          "median": 54.08994674682617,
          "p25": 46.61650466918945,
          "p75": 61.099164962768555
        },
        "TN": {
          "n": 1144,
          "mean": 49.76122780613132,
          "std": 12.395523372900497,
          "median": 48.97253227233887,
          "p25": 40.38605785369873,
          "p75": 59.27719020843506
        },
        "FP": {
          "n": 51,
          "mean": 57.85666966905781,
          "std": 13.920734793412294,
          "median": 57.234344482421875,
          "p25": 50.151445388793945,
          "p75": 70.21785736083984
        },
        "FN": {
          "n": 65,
          "mean": 47.71607935978816,
          "std": 12.863912707790432,
          "median": 44.69477462768555,
          "p25": 37.15849304199219,
          "p75": 57.75019073486328
        },
        "MIS": {
          "n": 0,
          "mean": 0.0,
          "std": 0.0,
          "median": 0.0,
          "p25": 0.0,
          "p75": 0.0
        },
        "CORRECT": {
          "n": 0,
          "mean": 0.0,
          "std": 0.0,
          "median": 0.0,
          "p25": 0.0,
          "p75": 0.0
        }
      },
      "contrast_p95_p5": {
        "TP": {
          "n": 1198,
          "mean": 138.6792570951586,
          "std": 29.774377024274376,
          "median": 143.0,
          "p25": 120.0,
          "p75": 160.0
        },
        "TN": {
          "n": 1144,
          "mean": 143.8402534965035,
          "std": 39.52849143363301,
          "median": 148.0,
          "p25": 116.75,
          "p75": 177.0
        },
        "FP": {
          "n": 51,
          "mean": 149.98529411764707,
          "std": 36.858798534566546,
          "median": 155.0,
          "p25": 127.5,
          "p75": 181.5
        },
        "FN": {
          "n": 65,
          "mean": 132.3923076923077,
          "std": 42.570735464974604,
          "median": 133.0,
          "p25": 108.0,
          "p75": 165.0
        },
        "MIS": {
          "n": 0,
          "mean": 0.0,
          "std": 0.0,
          "median": 0.0,
          "p25": 0.0,
          "p75": 0.0
        },
        "CORRECT": {
          "n": 0,
          "mean": 0.0,
          "std": 0.0,
          "median": 0.0,
          "p25": 0.0,
          "p75": 0.0
        }
      },
      "sharpness_laplacian_var": {
        "TP": {
          "n": 1198,
          "mean": 259.2848120675063,
          "std": 99.89292882885819,
          "median": 252.74034118652344,
          "p25": 194.14208984375,
          "p75": 314.8459701538086
        },
        "TN": {
          "n": 1144,
          "mean": 394.5283192421173,
          "std": 168.58014763122182,
          "median": 390.5496063232422,
          "p25": 268.06629943847656,
          "p75": 521.7366943359375
        },
        "FP": {
          "n": 51,
          "mean": 322.7703033896054,
          "std": 166.96908278908435,
          "median": 292.574462890625,
          "p25": 186.07337188720703,
          "p75": 489.25083923339844
        },
        "FN": {
          "n": 65,
          "mean": 341.0500665517954,
          "std": 143.6110164975408,
          "median": 323.20086669921875,
          "p25": 234.05137634277344,
          "p75": 410.2233581542969
        },
        "MIS": {
          "n": 0,
          "mean": 0.0,
          "std": 0.0,
          "median": 0.0,
          "p25": 0.0,
          "p75": 0.0
        },
        "CORRECT": {
          "n": 0,
          "mean": 0.0,
          "std": 0.0,
          "median": 0.0,
          "p25": 0.0,
          "p75": 0.0
        }
      },
      "snr_mean_over_std": {
        "TP": {
          "n": 1198,
          "mean": 0.5549778632434098,
          "std": 0.054585985905970955,
          "median": 0.5629194350089546,
          "p25": 0.5231523904907924,
          "p75": 0.5909222919501669
        },
        "TN": {
          "n": 1144,
          "mean": 0.4388580464734794,
          "std": 0.10383495994986232,
          "median": 0.4431481777270856,
          "p25": 0.3602699339141192,
          "p75": 0.5189675565793987
        },
        "FP": {
          "n": 51,
          "mean": 0.5653162155692557,
          "std": 0.05783039137836061,
          "median": 0.5864529557204539,
          "p25": 0.5438774002229855,
          "p75": 0.6044316351623371
        },
        "FN": {
          "n": 65,
          "mean": 0.4598248982967096,
          "std": 0.11317087379002273,
          "median": 0.48570742676224904,
          "p25": 0.41050702273069556,
          "p75": 0.5529324032858175
        },
        "MIS": {
          "n": 0,
          "mean": 0.0,
          "std": 0.0,
          "median": 0.0,
          "p25": 0.0,
          "p75": 0.0
        },
        "CORRECT": {
          "n": 0,
          "mean": 0.0,
          "std": 0.0,
          "median": 0.0,
          "p25": 0.0,
          "p75": 0.0
        }
      }
    },
    "texture": {
      "entropy": {
        "TP": {
          "n": 1198,
          "mean": 2.7549784435911855,
          "std": 0.34107483147809226,
          "median": 2.7976997924275135,
          "p25": 2.5583581809037272,
          "p75": 2.9877294357787467
        },
        "TN": {
          "n": 1144,
          "mean": 1.9057447400362242,
          "std": 0.5684985564562788,
          "median": 1.952684739364011,
          "p25": 1.4675065117662633,
          "p75": 2.3501042299765222
        },
        "FP": {
          "n": 51,
          "mean": 2.712199767987594,
          "std": 0.3495694621884525,
          "median": 2.7885410653405334,
          "p25": 2.5027951259004824,
          "p75": 2.96247426613175
        },
        "FN": {
          "n": 65,
          "mean": 2.080229907312534,
          "std": 0.6845441584920846,
          "median": 2.2463354179710713,
          "p25": 1.7499069215917837,
          "p75": 2.5671892068688136
        },
        "MIS": {
          "n": 0,
          "mean": 0.0,
          "std": 0.0,
          "median": 0.0,
          "p25": 0.0,
          "p75": 0.0
        },
        "CORRECT": {
          "n": 0,
          "mean": 0.0,
          "std": 0.0,
          "median": 0.0,
          "p25": 0.0,
          "p75": 0.0
        }
      },
      "glcm_contrast": {
        "TP": {
          "n": 1198,
          "mean": 0.35563814049467457,
          "std": 0.11729860559972596,