{
  "run_dir": "runs/resnet18_sz224_bs64_lr0.0001_wd0.0001_aug1_amp1_run003",
  "seed_dir": "runs/resnet18_sz224_bs64_lr0.0001_wd0.0001_aug1_amp1_run003/seed_43",
  "seed": 43,
  "num_samples": 2458,
  "summary": {
    "quality_intensity": {
      "brightness_mean": {
        "TP": {
          "n": 1195,
          "mean": 29.645195435081067,
          "std": 7.26316648057844,
          "median": 30.146623611450195,
          "p25": 24.555524826049805,
          "p75": 34.48986625671387
        },
        "TN": {
          "n": 1168,
          "mean": 22.6903553856154,
          "std": 9.20501913363915,
          "median": 21.334043502807617,
          "p25": 15.436698198318481,
          "p75": 28.613375186920166
        },
        "FP": {
          "n": 27,
          "mean": 26.827202832257306,
          "std": 7.536472336701046,
          "median": 26.799285888671875,
          "p25": 23.626285552978516,
          "p75": 30.55415916442871
        },
        "FN": {
          "n": 68,
          "mean": 24.524031779345343,
          "std": 10.98391805215637,
          "median": 24.35673427581787,
          "p25": 16.987294673919678,
          "p75": 30.908637046813965
        },
        "MIS": {
          "n": 0,
          "mean": 0.0,
          "std": 0.0,
          "median": 0.0,
          "p25": 0.0,
          "p75": 0.0
        },
        "CORRECT": {
          "n": 0,
          "mean": 0.0,
          "std": 0.0,
          "median": 0.0,
          "p25": 0.0,
          "p75": 0.0
        }
      },
      "brightness_std": {
        "TP": {
          "n": 1195,
          "mean": 53.06454479903856,
          "std": 10.357495349642194,
          "median": 54.03407287597656,
          "p25": 46.53796195983887,
          "p75": 61.012184143066406
        },
        "TN": {
          "n": 1168,
          "mean": 50.16542337202046,
          "std": 12.61104913862017,
          "median": 49.428436279296875,
          "p25": 40.56709957122803,
          "p75": 60.00342082977295
        },
        "FP": {
          "n": 27,
          "mean": 47.56741721541793,
          "std": 10.253944908381357,
          "median": 49.86968231201172,
          "p25": 41.91165542602539,
          "p75": 51.71074867248535
        },
        "FN": {
          "n": 68,
          "mean": 50.1859979910009,
          "std": 14.04015186303513,
          "median": 49.840681076049805,
          "p25": 40.17810249328613,
          "p75": 62.15889835357666
        },
        "MIS": {
          "n": 0,
          "mean": 0.0,
          "std": 0.0,
          "median": 0.0,
          "p25": 0.0,
          "p75": 0.0
        },
        "CORRECT": {
          "n": 0,
          "mean": 0.0,
          "std": 0.0,
          "median": 0.0,
          "p25": 0.0,
          "p75": 0.0
        }
      },
      "contrast_p95_p5": {
        "TP": {
          "n": 1195,
          "mean": 138.3441422594142,
          "std": 29.664515627828504,
          "median": 142.0,
          "p25": 120.0,
          "p75": 160.0
        },
        "TN": {
          "n": 1168,
          "mean": 144.62371575342465,
          "std": 39.52988248550193,
          "median": 149.0,
          "p25": 117.0,
          "p75": 178.0
        },
        "FP": {
          "n": 27,
          "mean": 121.55555555555556,
          "std": 26.385213419252214,
          "median": 126.0,
          "p25": 102.0,
          "p75": 135.5
        },
        "FN": {
          "n": 68,
          "mean": 138.55882352941177,
          "std": 43.857897177862,
          "median": 148.5,
          "p25": 117.0,
          "p75": 175.0
        },
        "MIS": {
          "n": 0,
          "mean": 0.0,
          "std": 0.0,
          "median": 0.0,
          "p25": 0.0,
          "p75": 0.0
        },
        "CORRECT": {
          "n": 0,
          "mean": 0.0,
          "std": 0.0,
          "median": 0.0,
          "p25": 0.0,
          "p75": 0.0
        }
      },
      "sharpness_laplacian_var": {
        "TP": {
          "n": 1195,
          "mean": 259.32113413152337,
          "std": 98.72780544099703,
          "median": 253.56472778320312,
          "p25": 194.89004516601562,
          "p75": 314.6914978027344
        },
        "TN": {
          "n": 1168,
          "mean": 394.2478698018479,
          "std": 169.00041142627845,
          "median": 391.65155029296875,
          "p25": 266.6946334838867,
          "p75": 521.969970703125
        },
        "FP": {
          "n": 27,
          "mean": 271.11743545532227,
          "std": 123.66316287421695,
          "median": 246.80809020996094,
          "p25": 195.4873809814453,
          "p75": 318.53883361816406
        },
        "FN": {
          "n": 68,
          "mean": 336.80446905248306,
          "std": 157.0302674550353,
          "median": 327.9609832763672,
          "p25": 191.8275032043457,
          "p75": 475.11668395996094
        },
        "MIS": {
          "n": 0,
          "mean": 0.0,
          "std": 0.0,
          "median": 0.0,
          "p25": 0.0,
          "p75": 0.0
        },
        "CORRECT": {
          "n": 0,
          "mean": 0.0,
          "std": 0.0,
          "median": 0.0,
          "p25": 0.0,
          "p75": 0.0
        }
      },
      "snr_mean_over_std": {
        "TP": {
          "n": 1195,
          "mean": 0.5547995966614527,
          "std": 0.05287390024411375,
          "median": 0.562442225936379,
          "p25": 0.5223422390258686,
          "p75": 0.590564480791914
        },
        "TN": {
          "n": 1168,
          "mean": 0.44161398440528593,
          "std": 0.10472392140490605,
          "median": 0.44521938761199875,
          "p25": 0.36099693420045637,
          "p75": 0.5218096609601166
        },
        "FP": {
          "n": 27,
          "mean": 0.558503643493276,
          "std": 0.06571829212697157,
          "median": 0.5746164995604418,
          "p25": 0.5039775277248872,
          "p75": 0.6113676661605816
        },
        "FN": {
          "n": 68,
          "mean": 0.4671555962419853,
          "std": 0.12884745420506732,
          "median": 0.49324459107635876,
          "p25": 0.3603318240170366,
          "p75": 0.5599325410642124
        },
        "MIS": {
          "n": 0,
          "mean": 0.0,
          "std": 0.0,
          "median": 0.0,
          "p25": 0.0,
          "p75": 0.0
        },
        "CORRECT": {
          "n": 0,
          "mean": 0.0,
          "std": 0.0,
          "median": 0.0,
          "p25": 0.0,
          "p75": 0.0
        }
      }
    },
    "texture": {
      "entropy": {
        "TP": {
          "n": 1195,
          "mean": 2.7552257233497954,
          "std": 0.3319472780716006,
          "median": 2.79571452756423,
          "p25": 2.551616357762088,
          "p75": 2.9881804555562956
        },
        "TN": {
          "n": 1168,
          "mean": 1.9230766185567079,
          "std": 0.5768884483035293,
          "median": 1.9720592479700945,
          "p25": 1.4834865352017488,
          "p75": 2.369176317307309
        },
        "FP": {
          "n": 27,
          "mean": 2.6792844553545754,
          "std": 0.382353681663117,
          "median": 2.763588194363755,
          "p25": 2.3564960583483225,
          "p75": 2.987539490971872
        },
        "FN": {
          "n": 68,
          "mean": 2.105652646978665,
          "std": 0.7589987122858124,
          "median": 2.3561036039753644,
          "p25": 1.5016698244714537,
          "p75": 2.6915407016036395
        },
        "MIS": {
          "n": 0,
          "mean": 0.0,
          "std": 0.0,
          "median": 0.0,
          "p25": 0.0,
          "p75": 0.0
        },
        "CORRECT": {
          "n": 0,
          "mean": 0.0,
          "std": 0.0,
          "median": 0.0,
          "p25": 0.0,
          "p75": 0.0
        }
      },
      "glcm_contrast": {
        "TP": {
          "n": 1195,
          "mean": 0.3547369994022713,
          "std": 0.1158608057931387,