{
  "run_dir": "runs/resnet18_sz224_bs64_lr0.0001_wd0.0001_aug0_amp1",
  "seed_dir": "runs/resnet18_sz224_bs64_lr0.0001_wd0.0001_aug0_amp1/seed_46",
  "seed": 46,
  "num_samples": 2458,
  "summary": {
    "quality_intensity": {
      "brightness_mean": {
        "TP": {
          "n": 1208,
          "mean": 29.57619883090455,
          "std": 7.409556719668237,
          "median": 30.08090591430664,
          "p25": 24.517772674560547,
          "p75": 34.471235275268555
        },
        "TN": {
          "n": 1153,
          "mean": 22.49802629428642,
          "std": 9.069737588588728,
          "median": 21.27598762512207,
          "p25": 15.382732391357422,
          "p75": 28.365633010864258
        },
        "FP": {
          "n": 42,
          "mean": 30.62964879898798,
          "std": 9.063215063944757,
          "median": 30.119608879089355,
          "p25": 25.33699369430542,
          "p75": 38.865806579589844
        },
        "FN": {
          "n": 55,
          "mean": 24.828991239721123,
          "std": 9.913343737236502,
          "median": 24.32260513305664,
          "p25": 18.570043563842773,
          "p75": 34.06266975402832
        },
        "MIS": {
          "n": 0,
          "mean": 0.0,
          "std": 0.0,
          "median": 0.0,
          "p25": 0.0,
          "p75": 0.0
        },
        "CORRECT": {
          "n": 0,
          "mean": 0.0,
          "std": 0.0,
          "median": 0.0,
          "p25": 0.0,
          "p75": 0.0
        }
      },
      "brightness_std": {
        "TP": {
          "n": 1208,
          "mean": 53.03360291032602,
          "std": 10.477914603729927,
          "median": 54.011260986328125,
          "p25": 46.4900598526001,
          "p75": 61.07603073120117
        },
        "TN": {
          "n": 1153,
          "mean": 49.95757462269104,
          "std": 12.515433608962258,
          "median": 49.208675384521484,
          "p25": 40.40625762939453,
          "p75": 59.768951416015625
        },
        "FP": {
          "n": 42,
          "mean": 54.20121960412888,
          "std": 13.375727569946815,
          "median": 51.71074867248535,
          "p25": 46.18766117095947,
          "p75": 63.6849946975708
        },
        "FN": {
          "n": 55,
          "mean": 50.1852105920965,
          "std": 12.831378549677083,
          "median": 48.850460052490234,
          "p25": 40.40918159484863,
          "p75": 60.44839859008789
        },
        "MIS": {
          "n": 0,
          "mean": 0.0,
          "std": 0.0,
          "median": 0.0,
          "p25": 0.0,
          "p75": 0.0
        },
        "CORRECT": {
          "n": 0,
          "mean": 0.0,
          "std": 0.0,
          "median": 0.0,
          "p25": 0.0,
          "p75": 0.0
        }
      },
      "contrast_p95_p5": {
        "TP": {
          "n": 1208,
          "mean": 138.38038079470198,
          "std": 29.98957413456973,
          "median": 142.0,
          "p25": 120.0,
          "p75": 160.0
        },
        "TN": {
          "n": 1153,
          "mean": 144.2424111014744,
          "std": 39.57764620435855,
          "median": 149.0,
          "p25": 117.0,
          "p75": 178.0
        },
        "FP": {
          "n": 42,
          "mean": 140.26190476190476,
          "std": 35.12629445496707,
          "median": 135.5,
          "p25": 118.75,
          "p75": 163.75
        },
        "FN": {
          "n": 55,
          "mean": 137.81363636363636,
          "std": 41.72590839006901,
          "median": 148.0,
          "p25": 112.5,
          "p75": 166.5
        },
        "MIS": {
          "n": 0,
          "mean": 0.0,
          "std": 0.0,
          "median": 0.0,
          "p25": 0.0,
          "p75": 0.0
        },
        "CORRECT": {
          "n": 0,
          "mean": 0.0,
          "std": 0.0,
          "median": 0.0,
          "p25": 0.0,
          "p75": 0.0
        }
      },
      "sharpness_laplacian_var": {
        "TP": {
          "n": 1208,
          "mean": 257.8788231287571,
          "std": 96.9103763662286,
          "median": 252.41200256347656,
          "p25": 193.78899383544922,
          "p75": 315.80873107910156
        },
        "TN": {
          "n": 1153,
          "mean": 395.03289409481954,
          "std": 169.11669841215257,
          "median": 391.666015625,
          "p25": 267.9827575683594,
          "p75": 522.4041748046875
        },
        "FP": {
          "n": 42,
          "mean": 293.5418046315511,
          "std": 136.4548015592336,
          "median": 270.91656494140625,
          "p25": 186.6852798461914,
          "p75": 394.88206481933594
        },
        "FN": {
          "n": 55,
          "mean": 386.79710624001245,
          "std": 164.79758909821547,
          "median": 335.40594482421875,
          "p25": 254.49475860595703,
          "p75": 533.7249145507812
        },
        "MIS": {
          "n": 0,
          "mean": 0.0,
          "std": 0.0,
          "median": 0.0,
          "p25": 0.0,
          "p75": 0.0
        },
        "CORRECT": {
          "n": 0,
          "mean": 0.0,
          "std": 0.0,
          "median": 0.0,
          "p25": 0.0,
          "p75": 0.0
        }
      },
      "snr_mean_over_std": {
        "TP": {
          "n": 1208,
          "mean": 0.5532998697689794,
          "std": 0.0563542492973357,
          "median": 0.561891485772452,
          "p25": 0.5196709411069803,
          "p75": 0.5906836155871954
        },
        "TN": {
          "n": 1153,
          "mean": 0.440048924318728,
          "std": 0.10436534427470318,
          "median": 0.4440682533555006,
          "p25": 0.36057030659673517,
          "p75": 0.5206152387923751
        },
        "FP": {
          "n": 42,
          "mean": 0.5597219623856917,
          "std": 0.0591343580141336,
          "median": 0.5670614770844149,
          "p25": 0.5176543751070231,
          "p75": 0.6042678756290918
        },
        "FN": {
          "n": 55,
          "mean": 0.47937919770843523,
          "std": 0.123520476284287,
          "median": 0.5433816160739277,
          "p25": 0.40589124005022487,
          "p75": 0.5787212015821243
        },
        "MIS": {
          "n": 0,
          "mean": 0.0,
          "std": 0.0,
          "median": 0.0,
          "p25": 0.0,
          "p75": 0.0
        },
        "CORRECT": {
          "n": 0,
          "mean": 0.0,
          "std": 0.0,
          "median": 0.0,
          "p25": 0.0,
          "p75": 0.0
        }
      }
    },
    "texture": {
      "entropy": {
        "TP": {
          "n": 1208,
          "mean": 2.7441604117727487,
          "std": 0.35242803372400155,
          "median": 2.79005996832233,
          "p25": 2.540279238514641,
          "p75": 2.9840934362170235
        },
        "TN": {
          "n": 1153,
          "mean": 1.9130020773957255,
          "std": 0.5728930334575444,
          "median": 1.9580864672241778,
          "p25": 1.4768547273524941,
          "p75": 2.3572058190946126
        },
        "FP": {
          "n": 42,
          "mean": 2.6857803697984868,
          "std": 0.34837584418430617,
          "median": 2.756107942378303,
          "p25": 2.3975822565949167,
          "p75": 2.9891220306517043
        },
        "FN": {
          "n": 55,
          "mean": 2.1951516722922517,
          "std": 0.7642316016181011,
          "median": 2.452802857181181,
          "p25": 1.6788139813570309,
          "p75": 2.8316456740175453
        },
        "MIS": {
          "n": 0,
          "mean": 0.0,
          "std": 0.0,
          "median": 0.0,
          "p25": 0.0,
          "p75": 0.0
        },
        "CORRECT": {
          "n": 0,
          "mean": 0.0,
          "std": 0.0,
          "median": 0.0,
          "p25": 0.0,
          "p75": 0.0
        }
      },
      "glcm_contrast": {
        "TP": {
          "n": 1208,
          "mean": 0.35307935353038256,
          "std": 0.11411764117244702,