metric,group,n,mean,std,median,p25,p75
confidence_max_prob,TP,1208,0.985676521497057,0.04593756543132166,0.9990164041519165,0.993050292134285,0.9998898506164551
confidence_max_prob,TN,1153,0.9803000791426442,0.05704648720178618,0.998671293258667,0.9900670051574707,0.9998441934585571
confidence_max_prob,FP,42,0.8050671588806879,0.17224786363494768,0.8465858101844788,0.63040991127491,0.989642858505249
confidence_max_prob,FN,55,0.8376508257605813,0.1546401374904624,0.8728274703025818,0.6899089813232422,0.9870767593383789
confidence_max_prob,MIS,0,0.0,0.0,0.0,0.0,0.0
confidence_max_prob,CORRECT,0,0.0,0.0,0.0,0.0,0.0
confidence_margin,TP,1208,0.9713530440302874,0.09187513009496648,0.998032808303833,0.98610058426857,0.9997797310352325
confidence_margin,TN,1153,0.9606001596293652,0.1140929750016912,0.997342586517334,0.9801340699195862,0.999688446521759
confidence_margin,FP,42,0.6101343205996922,0.344495741529225,0.6931716203689575,0.26081980019807816,0.979285717010498
confidence_margin,FN,55,0.6753016482700002,0.30928027432325067,0.7456549406051636,0.37981799244880676,0.974153459072113
confidence_margin,MIS,0,0.0,0.0,0.0,0.0,0.0
confidence_margin,CORRECT,0,0.0,0.0,0.0,0.0,0.0
