{
  "run_dir": "runs/resnet18_sz224_bs64_lr0.0001_wd0.0001_aug1_amp1_run004",
  "seed_dir": "runs/resnet18_sz224_bs64_lr0.0001_wd0.0001_aug1_amp1_run004/seed_46",
  "seed": 46,
  "num_samples": 2458,
  "summary": {
    "quality_intensity": {
      "brightness_mean": {
        "TP": {
          "n": 1223,
          "mean": 29.617851683475497,
          "std": 7.385241482015187,
          "median": 30.12332534790039,
          "p25": 24.51481819152832,
          "p75": 34.497249603271484
        },
        "TN": {
          "n": 1138,
          "mean": 22.53237883215001,
          "std": 9.146917256720572,
          "median": 21.206562995910645,
          "p25": 15.332404851913452,
          "p75": 28.396324634552002
        },
        "FP": {
          "n": 57,
          "mean": 27.803902734789933,
          "std": 8.633717006672452,
          "median": 26.94987678527832,
          "p25": 23.89773941040039,
          "p75": 32.01295471191406
        },
        "FN": {
          "n": 40,
          "mean": 21.775252425670622,
          "std": 9.77445824239231,
          "median": 22.86299228668213,
          "p25": 14.50699496269226,
          "p75": 29.01167917251587
        },
        "MIS": {
          "n": 0,
          "mean": 0.0,
          "std": 0.0,
          "median": 0.0,
          "p25": 0.0,
          "p75": 0.0
        },
        "CORRECT": {
          "n": 0,
          "mean": 0.0,
          "std": 0.0,
          "median": 0.0,
          "p25": 0.0,
          "p75": 0.0
        }
      },
      "brightness_std": {
        "TP": {
          "n": 1223,
          "mean": 53.04727204354786,
          "std": 10.46770311004056,
          "median": 54.04076385498047,
          "p25": 46.488664627075195,
          "p75": 61.037654876708984
        },
        "TN": {
          "n": 1138,
          "mean": 50.073333830741255,
          "std": 12.612478778966473,
          "median": 49.31768989562988,
          "p25": 40.42049026489258,
          "p75": 60.041619300842285
        },
        "FP": {
          "n": 57,
          "mean": 50.77334849039713,
          "std": 11.661450307699667,
          "median": 50.54595184326172,
          "p25": 44.64030838012695,
          "p75": 56.858863830566406
        },
        "FN": {
          "n": 40,
          "mean": 48.69912972450256,
          "std": 13.587190436655163,
          "median": 45.93925476074219,
          "p25": 37.619011878967285,
          "p75": 61.031229972839355
        },
        "MIS": {
          "n": 0,
          "mean": 0.0,
          "std": 0.0,
          "median": 0.0,
          "p25": 0.0,
          "p75": 0.0
        },
        "CORRECT": {
          "n": 0,
          "mean": 0.0,
          "std": 0.0,
          "median": 0.0,
          "p25": 0.0,
          "p75": 0.0
        }
      },
      "contrast_p95_p5": {
        "TP": {
          "n": 1223,
          "mean": 138.32195421095668,
          "std": 29.93679468422043,
          "median": 142.0,
          "p25": 119.5,
          "p75": 160.0
        },
        "TN": {
          "n": 1138,
          "mean": 144.66630052724076,
          "std": 39.73753312987879,
          "median": 149.0,
          "p25": 117.0,
          "p75": 178.0
        },
        "FP": {
          "n": 57,
          "mean": 132.84649122807016,
          "std": 30.683790304795654,
          "median": 131.0,
          "p25": 115.0,
          "p75": 153.0
        },
        "FN": {
          "n": 40,
          "mean": 139.3875,
          "std": 46.51002614545902,
          "median": 146.0,
          "p25": 117.0,
          "p75": 178.0
        },
        "MIS": {
          "n": 0,
          "mean": 0.0,
          "std": 0.0,
          "median": 0.0,
          "p25": 0.0,
          "p75": 0.0
        },
        "CORRECT": {
          "n": 0,
          "mean": 0.0,
          "std": 0.0,
          "median": 0.0,
          "p25": 0.0,
          "p75": 0.0
        }
      },
      "sharpness_laplacian_var": {
        "TP": {
          "n": 1223,
          "mean": 260.8907044193146,
          "std": 101.52688728751859,
          "median": 254.04029846191406,
          "p25": 194.45720672607422,
          "p75": 318.2666320800781
        },
        "TN": {
          "n": 1138,
          "mean": 395.44798311994447,
          "std": 170.071183836077,
          "median": 394.4521789550781,
          "p25": 265.9425735473633,
          "p75": 525.9958801269531
        },
        "FP": {
          "n": 57,
          "mean": 311.9627700939513,
          "std": 124.16904741074788,
          "median": 304.241455078125,
          "p25": 214.87171936035156,
          "p75": 389.8972473144531
        },
        "FN": {
          "n": 40,
          "mean": 343.053191947937,
          "std": 144.9160828803293,
          "median": 324.38311767578125,
          "p25": 229.20413208007812,
          "p75": 472.52030181884766
        },
        "MIS": {
          "n": 0,
          "mean": 0.0,
          "std": 0.0,
          "median": 0.0,
          "p25": 0.0,
          "p75": 0.0
        },
        "CORRECT": {
          "n": 0,
          "mean": 0.0,
          "std": 0.0,
          "median": 0.0,
          "p25": 0.0,
          "p75": 0.0
        }
      },
      "snr_mean_over_std": {
        "TP": {
          "n": 1223,
          "mean": 0.5540112840282516,
          "std": 0.05548644035573202,
          "median": 0.562442225936379,
          "p25": 0.5216086216531755,
          "p75": 0.590564480791914
        },
        "TN": {
          "n": 1138,
          "mean": 0.4395438377113809,
          "std": 0.10447367730715669,
          "median": 0.4431481777270856,
          "p25": 0.3602142381646875,
          "p75": 0.5196975161153263
        },
        "FP": {
          "n": 57,
          "mean": 0.5383130674410713,
          "std": 0.07698160461996936,
          "median": 0.5505952290182868,
          "p25": 0.49528587757339304,
          "p75": 0.6013531548670359
        },
        "FN": {
          "n": 40,
          "mean": 0.4299074547084851,
          "std": 0.12255282424795846,
          "median": 0.4691484335385072,
          "p25": 0.31926786245008737,
          "p75": 0.5399881782091273
        },
        "MIS": {
          "n": 0,
          "mean": 0.0,
          "std": 0.0,
          "median": 0.0,
          "p25": 0.0,
          "p75": 0.0
        },
        "CORRECT": {
          "n": 0,
          "mean": 0.0,
          "std": 0.0,
          "median": 0.0,
          "p25": 0.0,
          "p75": 0.0
        }
      }
    },
    "texture": {
      "entropy": {
        "TP": {
          "n": 1223,
          "mean": 2.748267042208293,
          "std": 0.34674018911858673,
          "median": 2.7951288861217485,
          "p25": 2.5472430897383687,
          "p75": 2.984465123421626
        },
        "TN": {
          "n": 1138,
          "mean": 1.909215612696491,
          "std": 0.5727483906788386,
          "median": 1.952684739364011,
          "p25": 1.4674476884430792,
          "p75": 2.3517021527733744
        },
        "FP": {
          "n": 57,
          "mean": 2.5580140968456337,
          "std": 0.4519541230075849,
          "median": 2.557498732167174,
          "p25": 2.3777627606852976,
          "p75": 2.8963523602342303
        },
        "FN": {
          "n": 40,
          "mean": 1.8637131694203029,
          "std": 0.7176292653313321,
          "median": 2.0627867893330283,
          "p25": 1.1761325363212962,
          "p75": 2.452782162677299
        },
        "MIS": {
          "n": 0,
          "mean": 0.0,
          "std": 0.0,
          "median": 0.0,
          "p25": 0.0,
          "p75": 0.0
        },
        "CORRECT": {
          "n": 0,
          "mean": 0.0,
          "std": 0.0,
          "median": 0.0,
          "p25": 0.0,
          "p75": 0.0
        }
      },
      "glcm_contrast": {
        "TP": {
          "n": 1223,
          "mean": 0.3560577925863612,
          "std": 0.11814244272168142,