metric,group,n,mean,std,median,p25,p75
confidence_max_prob,TP,1223,0.9793299950251108,0.04940472635906354,0.9952278137207031,0.9837152361869812,0.9990031123161316
confidence_max_prob,TN,1138,0.9684754372795353,0.059700674554267204,0.9895757138729095,0.9718673080205917,0.9961123764514923
confidence_max_prob,FP,57,0.8592520941767776,0.1394727579001715,0.9159442186355591,0.7563682794570923,0.978213369846344
confidence_max_prob,FN,40,0.833260802924633,0.15795277664665724,0.8839479088783264,0.7083833962678909,0.9716268926858902
confidence_max_prob,MIS,0,0.0,0.0,0.0,0.0,0.0
confidence_max_prob,CORRECT,0,0.0,0.0,0.0,0.0,0.0
confidence_margin,TP,1223,0.9586599896115937,0.09880945156162256,0.990455687046051,0.9674304723739624,0.9980062246322632
confidence_margin,TN,1138,0.9369508734329723,0.11940134781641294,0.9791514277458191,0.9437346160411835,0.992224708199501
confidence_margin,FP,57,0.7185041951505762,0.27894551810771334,0.8318884372711182,0.5127365589141846,0.956426739692688
confidence_margin,FN,40,0.6665216095745563,0.31590555627402866,0.7678958475589752,0.41676679998636246,0.9432537853717804
confidence_margin,MIS,0,0.0,0.0,0.0,0.0,0.0
confidence_margin,CORRECT,0,0.0,0.0,0.0,0.0,0.0
