{
  "run_dir": "runs/resnet18_sz224_bs64_lr0.0001_wd0.0001_aug1_amp1_run004",
  "seed_dir": "runs/resnet18_sz224_bs64_lr0.0001_wd0.0001_aug1_amp1_run004/seed_42",
  "seed": 42,
  "num_samples": 2458,
  "summary": {
    "quality_intensity": {
      "brightness_mean": {
        "TP": {
          "n": 1201,
          "mean": 29.616582591765926,
          "std": 7.407280900643805,
          "median": 30.12332534790039,
          "p25": 24.4318790435791,
          "p75": 34.56712341308594
        },
        "TN": {
          "n": 1159,
          "mean": 22.61749190806931,
          "std": 9.110159678931073,
          "median": 21.301618576049805,
          "p25": 15.41593599319458,
          "p75": 28.520567893981934
        },
        "FP": {
          "n": 36,
          "mean": 28.138790150483448,
          "std": 10.195878375067991,
          "median": 26.94441509246826,
          "p25": 23.6178297996521,
          "p75": 33.690653800964355
        },
        "FN": {
          "n": 62,
          "mean": 24.58269376139487,
          "std": 9.428885224834824,
          "median": 25.527852058410645,
          "p25": 18.53426456451416,
          "p75": 30.55025815963745
        },
        "MIS": {
          "n": 0,
          "mean": 0.0,
          "std": 0.0,
          "median": 0.0,
          "p25": 0.0,
          "p75": 0.0
        },
        "CORRECT": {
          "n": 0,
          "mean": 0.0,
          "std": 0.0,
          "median": 0.0,
          "p25": 0.0,
          "p75": 0.0
        }
      },
      "brightness_std": {
        "TP": {
          "n": 1201,
          "mean": 53.03088596639387,
          "std": 10.496966735969375,
          "median": 54.04076385498047,
          "p25": 46.48234558105469,
          "p75": 61.073692321777344
        },
        "TN": {
          "n": 1159,
          "mean": 50.102737156865516,
          "std": 12.524013775578432,
          "median": 49.387489318847656,
          "p25": 40.56524848937988,
          "p75": 59.861549377441406
        },
        "FP": {
          "n": 36,
          "mean": 50.23506662580702,
          "std": 14.016187199859258,
          "median": 50.489580154418945,
          "p25": 42.97059154510498,
          "p75": 56.411441802978516
        },
        "FN": {
          "n": 62,
          "mean": 50.55943310645319,
          "std": 12.311828941230477,
          "median": 51.53995704650879,
          "p25": 43.804115295410156,
          "p75": 60.019142150878906
        },
        "MIS": {
          "n": 0,
          "mean": 0.0,
          "std": 0.0,
          "median": 0.0,
          "p25": 0.0,
          "p75": 0.0
        },
        "CORRECT": {
          "n": 0,
          "mean": 0.0,
          "std": 0.0,
          "median": 0.0,
          "p25": 0.0,
          "p75": 0.0
        }
      },
      "contrast_p95_p5": {
        "TP": {
          "n": 1201,
          "mean": 138.2629059117402,
          "std": 29.930926382789647,
          "median": 142.0,
          "p25": 119.0,
          "p75": 160.0
        },
        "TN": {
          "n": 1159,
          "mean": 144.60785159620363,
          "std": 39.31415357679499,
          "median": 149.0,
          "p25": 117.0,
          "p75": 178.0
        },
        "FP": {
          "n": 36,
          "mean": 127.83333333333333,
          "std": 40.02820434215283,
          "median": 129.0,
          "p25": 107.75,
          "p75": 155.0
        },
        "FN": {
          "n": 62,
          "mean": 140.15322580645162,
          "std": 41.3572340600253,
          "median": 144.0,
          "p25": 119.5,
          "p75": 168.75
        },
        "MIS": {
          "n": 0,
          "mean": 0.0,
          "std": 0.0,
          "median": 0.0,
          "p25": 0.0,
          "p75": 0.0
        },
        "CORRECT": {
          "n": 0,
          "mean": 0.0,
          "std": 0.0,
          "median": 0.0,
          "p25": 0.0,
          "p75": 0.0
        }
      },
      "sharpness_laplacian_var": {
        "TP": {
          "n": 1201,
          "mean": 261.9624345765126,
          "std": 102.03880109812455,
          "median": 254.61448669433594,
          "p25": 195.7772979736328,
          "p75": 320.4260559082031
        },
        "TN": {
          "n": 1159,
          "mean": 395.35003374772816,
          "std": 168.87631955839967,
          "median": 393.7171936035156,
          "p25": 268.22703552246094,
          "p75": 522.4794921875
        },
        "FP": {
          "n": 36,
          "mean": 266.41648811764185,
          "std": 122.22701007079345,
          "median": 241.99628448486328,
          "p25": 186.15173721313477,
          "p75": 312.4281005859375
        },
        "FN": {
          "n": 62,
          "mean": 293.13831058625254,
          "std": 135.79874564629145,
          "median": 249.64611053466797,
          "p25": 189.2090187072754,
          "p75": 357.6834030151367
        },
        "MIS": {
          "n": 0,
          "mean": 0.0,
          "std": 0.0,
          "median": 0.0,
          "p25": 0.0,
          "p75": 0.0
        },
        "CORRECT": {
          "n": 0,
          "mean": 0.0,
          "std": 0.0,
          "median": 0.0,
          "p25": 0.0,
          "p75": 0.0
        }
      },
      "snr_mean_over_std": {
        "TP": {
          "n": 1201,
          "mean": 0.5541757219688446,
          "std": 0.0550224698959016,
          "median": 0.5623139699221934,
          "p25": 0.5217471429371395,
          "p75": 0.5906455773903684
        },
        "TN": {
          "n": 1159,
          "mean": 0.4410941587592853,
          "std": 0.10430588827205872,
          "median": 0.4447532244813707,
          "p25": 0.3609182369857521,
          "p75": 0.5213386105868532
        },
        "FP": {
          "n": 36,
          "mean": 0.5460167266022445,
          "std": 0.09077101852186446,
          "median": 0.5718426897611772,
          "p25": 0.4968604144673268,
          "p75": 0.6052300901931519
        },
        "FN": {
          "n": 62,
          "mean": 0.4707589753275614,
          "std": 0.12155600914915651,
          "median": 0.49652834232300835,
          "p25": 0.4035833487099895,
          "p75": 0.5646392300441737
        },
        "MIS": {
          "n": 0,
          "mean": 0.0,
          "std": 0.0,
          "median": 0.0,
          "p25": 0.0,
          "p75": 0.0
        },
        "CORRECT": {
          "n": 0,
          "mean": 0.0,
          "std": 0.0,
          "median": 0.0,
          "p25": 0.0,
          "p75": 0.0
        }
      }
    },
    "texture": {
      "entropy": {
        "TP": {
          "n": 1201,
          "mean": 2.7519499619664702,
          "std": 0.345087903385125,
          "median": 2.7972886391199037,
          "p25": 2.5475125519428166,
          "p75": 2.989544900165341
        },
        "TN": {
          "n": 1159,
          "mean": 1.9187615100807376,
          "std": 0.5726050818953266,
          "median": 1.9636504985128613,
          "p25": 1.4832422898025575,
          "p75": 2.3654509626226785
        },
        "FP": {
          "n": 36,
          "mean": 2.6291550162564707,
          "std": 0.5336825702430923,
          "median": 2.7893548303219746,
          "p25": 2.3684893073573106,
          "p75": 3.0149218200511623
        },
        "FN": {
          "n": 62,
          "mean": 2.1062454044487713,
          "std": 0.6992580376756128,
          "median": 2.331872586597445,
          "p25": 1.6432675112396544,
          "p75": 2.639697788063245
        },
        "MIS": {
          "n": 0,
          "mean": 0.0,
          "std": 0.0,
          "median": 0.0,
          "p25": 0.0,
          "p75": 0.0
        },
        "CORRECT": {
          "n": 0,
          "mean": 0.0,
          "std": 0.0,
          "median": 0.0,
          "p25": 0.0,
          "p75": 0.0
        }
      },
      "glcm_contrast": {
        "TP": {
          "n": 1201,
          "mean": 0.3570176078444132,
          "std": 0.11894739243403656,