{
  "run_dir": "runs/resnet18_sz224_bs64_lr0.0001_wd0.0001_aug1_amp1_run004",
  "seed_dir": "runs/resnet18_sz224_bs64_lr0.0001_wd0.0001_aug1_amp1_run004/seed_44",
  "seed": 44,
  "num_samples": 2458,
  "summary": {
    "quality_intensity": {
      "brightness_mean": {
        "TP": {
          "n": 1202,
          "mean": 29.712282610812323,
          "std": 7.320112446222386,
          "median": 30.21357822418213,
          "p25": 24.69758892059326,
          "p75": 34.55968952178955
        },
        "TN": {
          "n": 1161,
          "mean": 22.58526480372459,
          "std": 9.144967228241473,
          "median": 21.280332565307617,
          "p25": 15.409538269042969,
          "p75": 28.477020263671875
        },
        "FP": {
          "n": 34,
          "mean": 29.564033227808334,
          "std": 8.14820803854301,
          "median": 28.107312202453613,
          "p25": 25.757328987121582,
          "p75": 33.0531530380249
        },
        "FN": {
          "n": 61,
          "mean": 22.61440996263848,
          "std": 9.556226086097384,
          "median": 22.32487678527832,
          "p25": 16.992944717407227,
          "p75": 28.658681869506836
        },
        "MIS": {
          "n": 0,
          "mean": 0.0,
          "std": 0.0,
          "median": 0.0,
          "p25": 0.0,
          "p75": 0.0
        },
        "CORRECT": {
          "n": 0,
          "mean": 0.0,
          "std": 0.0,
          "median": 0.0,
          "p25": 0.0,
          "p75": 0.0
        }
      },
      "brightness_std": {
        "TP": {
          "n": 1202,
          "mean": 53.18065811353991,
          "std": 10.359316167761358,
          "median": 54.106496810913086,
          "p25": 46.650038719177246,
          "p75": 61.06983470916748
        },
        "TN": {
          "n": 1161,
          "mean": 50.04924974433314,
          "std": 12.582190004889526,
          "median": 49.23203659057617,
          "p25": 40.50621795654297,
          "p75": 59.86159133911133
        },
        "FP": {
          "n": 34,
          "mean": 52.06928853427662,
          "std": 11.976887966608825,
          "median": 51.29418182373047,
          "p25": 46.30991554260254,
          "p75": 57.22323131561279
        },
        "FN": {
          "n": 61,
          "mean": 47.56766960269115,
          "std": 13.610826538030597,
          "median": 44.2585563659668,
          "p25": 37.022682189941406,
          "p75": 60.37090301513672
        },
        "MIS": {
          "n": 0,
          "mean": 0.0,
          "std": 0.0,
          "median": 0.0,
          "p25": 0.0,
          "p75": 0.0
        },
        "CORRECT": {
          "n": 0,
          "mean": 0.0,
          "std": 0.0,
          "median": 0.0,
          "p25": 0.0,
          "p75": 0.0
        }
      },
      "contrast_p95_p5": {
        "TP": {
          "n": 1202,
          "mean": 138.67533277870217,
          "std": 29.699231075770246,
          "median": 143.0,
          "p25": 120.0,
          "p75": 160.0
        },
        "TN": {
          "n": 1161,
          "mean": 144.39061154177432,
          "std": 39.579317816883,
          "median": 149.0,
          "p25": 117.0,
          "p75": 178.0
        },
        "FP": {
          "n": 34,
          "mean": 134.26470588235293,
          "std": 32.6406595517229,
          "median": 133.0,
          "p25": 110.5,
          "p75": 155.0
        },
        "FN": {
          "n": 61,
          "mean": 132.05737704918033,
          "std": 44.29088020882099,
          "median": 124.0,
          "p25": 104.0,
          "p75": 169.0
        },
        "MIS": {
          "n": 0,
          "mean": 0.0,
          "std": 0.0,
          "median": 0.0,
          "p25": 0.0,
          "p75": 0.0
        },
        "CORRECT": {
          "n": 0,
          "mean": 0.0,
          "std": 0.0,
          "median": 0.0,
          "p25": 0.0,
          "p75": 0.0
        }
      },
      "sharpness_laplacian_var": {
        "TP": {
          "n": 1202,
          "mean": 259.5824441449614,
          "std": 99.99608408517851,
          "median": 253.49945068359375,
          "p25": 194.41331100463867,
          "p75": 316.09080505371094
        },
        "TN": {
          "n": 1161,
          "mean": 394.60625878661796,
          "std": 168.90405876174017,
          "median": 391.8331298828125,
          "p25": 266.7373046875,
          "p75": 522.277587890625
        },
        "FP": {
          "n": 34,
          "mean": 284.22988925260654,
          "std": 138.4949895025252,
          "median": 262.5347366333008,
          "p25": 188.77402877807617,
          "p75": 355.4897232055664
        },
        "FN": {
          "n": 61,
          "mean": 340.5469068933706,
          "std": 146.4527746821522,
          "median": 323.1831359863281,
          "p25": 222.53689575195312,
          "p75": 427.0305480957031
        },
        "MIS": {
          "n": 0,
          "mean": 0.0,
          "std": 0.0,
          "median": 0.0,
          "p25": 0.0,
          "p75": 0.0
        },
        "CORRECT": {
          "n": 0,
          "mean": 0.0,
          "std": 0.0,
          "median": 0.0,
          "p25": 0.0,
          "p75": 0.0
        }
      },
      "snr_mean_over_std": {
        "TP": {
          "n": 1202,
          "mean": 0.554595807973125,
          "std": 0.05516826107542098,
          "median": 0.5629194350089546,
          "p25": 0.5228059340316115,
          "p75": 0.5907862684139651
        },
        "TN": {
          "n": 1161,
          "mean": 0.44074637146292106,
          "std": 0.10442114785543093,
          "median": 0.4446558282190719,
          "p25": 0.3608396941449384,
          "p75": 0.5210375165047795
        },
        "FP": {
          "n": 34,
          "mean": 0.5640645556247396,
          "std": 0.06048984845676634,
          "median": 0.5848123395652844,
          "p25": 0.5202010255070066,
          "p75": 0.6081425331891643
        },
        "FN": {
          "n": 61,
          "mean": 0.4611137273966364,
          "std": 0.1141577493300652,
          "median": 0.4858570478763652,
          "p25": 0.41050702273069556,
          "p75": 0.5505638704773367
        },
        "MIS": {
          "n": 0,
          "mean": 0.0,
          "std": 0.0,
          "median": 0.0,
          "p25": 0.0,
          "p75": 0.0
        },
        "CORRECT": {
          "n": 0,
          "mean": 0.0,
          "std": 0.0,
          "median": 0.0,
          "p25": 0.0,
          "p75": 0.0
        }
      }
    },
    "texture": {
      "entropy": {
        "TP": {
          "n": 1202,
          "mean": 2.7527151069021527,
          "std": 0.34514372221801043,
          "median": 2.7970789077393787,
          "p25": 2.5583581809037272,
          "p75": 2.987347290616302
        },
        "TN": {
          "n": 1161,
          "mean": 1.9176552092614823,
          "std": 0.5739882172197879,
          "median": 1.961191334682468,
          "p25": 1.4831210738103446,
          "p75": 2.3653977252550256
        },
        "FP": {
          "n": 34,
          "mean": 2.7087197887125636,
          "std": 0.36607459208538934,
          "median": 2.8255328987693593,
          "p25": 2.405871725808716,
          "p75": 3.023268792832474
        },
        "FN": {
          "n": 61,
          "mean": 2.0805829655929107,
          "std": 0.6833226130230198,
          "median": 2.293519523548467,
          "p25": 1.7499069215917837,
          "p75": 2.5580031575183844
        },
        "MIS": {
          "n": 0,
          "mean": 0.0,
          "std": 0.0,
          "median": 0.0,
          "p25": 0.0,
          "p75": 0.0
        },
        "CORRECT": {
          "n": 0,
          "mean": 0.0,
          "std": 0.0,
          "median": 0.0,
          "p25": 0.0,
          "p75": 0.0
        }
      },
      "glcm_contrast": {
        "TP": {
          "n": 1202,
          "mean": 0.35570580369467497,
          "std": 0.11754728565823637,