{
  "run_dir": "runs/resnet18_sz224_bs64_lr0.0001_wd0.0001_aug1_amp1_run003",
  "seed_dir": "runs/resnet18_sz224_bs64_lr0.0001_wd0.0001_aug1_amp1_run003/seed_46",
  "seed": 46,
  "num_samples": 2458,
  "summary": {
    "quality_intensity": {
      "brightness_mean": {
        "TP": {
          "n": 1219,
          "mean": 29.624169697030045,
          "std": 7.431547162306935,
          "median": 30.146623611450195,
          "p25": 24.555524826049805,
          "p75": 34.51909255981445
        },
        "TN": {
          "n": 1144,
          "mean": 22.525152486729453,
          "std": 9.128212244520698,
          "median": 21.206562995910645,
          "p25": 15.365956544876099,
          "p75": 28.375638008117676
        },
        "FP": {
          "n": 51,
          "mean": 28.586178863749783,
          "std": 8.692364973270653,
          "median": 27.541234970092773,
          "p25": 24.43600559234619,
          "p75": 32.43217849731445
        },
        "FN": {
          "n": 44,
          "mean": 22.313178300857544,
          "std": 8.65488115247822,
          "median": 22.415946006774902,
          "p25": 16.987294673919678,
          "p75": 25.838707447052002
        },
        "MIS": {
          "n": 0,
          "mean": 0.0,
          "std": 0.0,
          "median": 0.0,
          "p25": 0.0,
          "p75": 0.0
        },
        "CORRECT": {
          "n": 0,
          "mean": 0.0,
          "std": 0.0,
          "median": 0.0,
          "p25": 0.0,
          "p75": 0.0
        }
      },
      "brightness_std": {
        "TP": {
          "n": 1219,
          "mean": 53.096346954520946,
          "std": 10.49005273401331,
          "median": 54.075103759765625,
          "p25": 46.55881309509277,
          "p75": 61.078369140625
        },
        "TN": {
          "n": 1144,
          "mean": 50.043566387016455,
          "std": 12.590008391519977,
          "median": 49.239933013916016,
          "p25": 40.40405464172363,
          "p75": 59.90793514251709
        },
        "FP": {
          "n": 51,
          "mean": 51.52342777626187,
          "std": 12.023250795896882,
          "median": 50.85197448730469,
          "p25": 45.626901626586914,
          "p75": 57.36044120788574
        },
        "FN": {
          "n": 44,
          "mean": 47.73481728813865,
          "std": 12.369488621760919,
          "median": 44.45758056640625,
          "p25": 37.56372261047363,
          "p75": 57.716959953308105
        },
        "MIS": {
          "n": 0,
          "mean": 0.0,
          "std": 0.0,
          "median": 0.0,
          "p25": 0.0,
          "p75": 0.0
        },
        "CORRECT": {
          "n": 0,
          "mean": 0.0,
          "std": 0.0,
          "median": 0.0,
          "p25": 0.0,
          "p75": 0.0
        }
      },
      "contrast_p95_p5": {
        "TP": {
          "n": 1219,
          "mean": 138.45180475799836,
          "std": 30.14395682436486,
          "median": 143.0,
          "p25": 120.0,
          "p75": 160.0
        },
        "TN": {
          "n": 1144,
          "mean": 144.56490384615384,
          "std": 39.66390397522571,
          "median": 149.0,
          "p25": 117.0,
          "p75": 178.0
        },
        "FP": {
          "n": 51,
          "mean": 133.73039215686273,
          "std": 32.18193760237468,
          "median": 133.0,
          "p25": 115.0,
          "p75": 154.5
        },
        "FN": {
          "n": 44,
          "mean": 135.6931818181818,
          "std": 41.06432360774401,
          "median": 124.5,
          "p25": 111.0,
          "p75": 176.0
        },
        "MIS": {
          "n": 0,
          "mean": 0.0,
          "std": 0.0,
          "median": 0.0,
          "p25": 0.0,
          "p75": 0.0
        },
        "CORRECT": {
          "n": 0,
          "mean": 0.0,
          "std": 0.0,
          "median": 0.0,
          "p25": 0.0,
          "p75": 0.0
        }
      },
      "sharpness_laplacian_var": {
        "TP": {
          "n": 1219,
          "mean": 260.9591127541145,
          "std": 101.74161641459588,
          "median": 254.1090850830078,
          "p25": 194.7113265991211,
          "p75": 318.2666320800781
        },
        "TN": {
          "n": 1144,
          "mean": 395.534202692392,
          "std": 169.71060659100138,
          "median": 394.4521789550781,
          "p25": 266.6946334838867,
          "p75": 525.9891052246094
        },
        "FP": {
          "n": 51,
          "mean": 300.2069569756003,
          "std": 123.65703993872634,
          "median": 298.2261657714844,
          "p25": 198.25988006591797,
          "p75": 387.1511535644531
        },
        "FN": {
          "n": 44,
          "mean": 333.6886530789462,
          "std": 140.09428706746658,
          "median": 311.3050079345703,
          "p25": 201.17550659179688,
          "p75": 424.7137680053711
        },
        "MIS": {
          "n": 0,
          "mean": 0.0,
          "std": 0.0,
          "median": 0.0,
          "p25": 0.0,
          "p75": 0.0
        },
        "CORRECT": {
          "n": 0,
          "mean": 0.0,
          "std": 0.0,
          "median": 0.0,
          "p25": 0.0,
          "p75": 0.0
        }
      },
      "snr_mean_over_std": {
        "TP": {
          "n": 1219,
          "mean": 0.5533536635705804,
          "std": 0.05703947635371794,
          "median": 0.5623139699221934,
          "p25": 0.5204934682895705,
          "p75": 0.590564480791914
        },
        "TN": {
          "n": 1144,
          "mean": 0.43971594750123655,
          "std": 0.10429933192282971,
          "median": 0.44364713647894033,
          "p25": 0.36043100045616094,
          "p75": 0.5197255858334597
        },
        "FP": {
          "n": 51,
          "mean": 0.5460723180054492,
          "std": 0.07552986107108267,
          "median": 0.5557440635596403,
          "p25": 0.5133650279121121,
          "p75": 0.6023974646610488
        },
        "FN": {
          "n": 44,
          "mean": 0.4594086968716759,
          "std": 0.11880886144049699,
          "median": 0.48469976167232104,
          "p25": 0.3590601866632911,
          "p75": 0.5536349937427663
        },
        "MIS": {
          "n": 0,
          "mean": 0.0,
          "std": 0.0,
          "median": 0.0,
          "p25": 0.0,
          "p75": 0.0
        },
        "CORRECT": {
          "n": 0,
          "mean": 0.0,
          "std": 0.0,
          "median": 0.0,
          "p25": 0.0,
          "p75": 0.0
        }
      }
    },
    "texture": {
      "entropy": {
        "TP": {
          "n": 1219,
          "mean": 2.7449868500734858,
          "std": 0.35647307765439207,
          "median": 2.7952865598749215,
          "p25": 2.542864147756836,
          "p75": 2.9856280121065932
        },
        "TN": {
          "n": 1144,
          "mean": 1.9107560817999598,
          "std": 0.5720545367367218,
          "median": 1.9530909443442965,
          "p25": 1.468497206728107,
          "p75": 2.353857843071557
        },
        "FP": {
          "n": 51,
          "mean": 2.5997884939147853,
          "std": 0.4482805160578829,
          "median": 2.609129989219279,
          "p25": 2.398381879537145,
          "p75": 2.9438025979709765
        },
        "FN": {
          "n": 44,
          "mean": 2.035003389954001,
          "std": 0.7009754880562128,
          "median": 2.269927470759769,
          "p25": 1.4802131561853116,
          "p75": 2.5683886201143213
        },
        "MIS": {
          "n": 0,
          "mean": 0.0,
          "std": 0.0,
          "median": 0.0,
          "p25": 0.0,
          "p75": 0.0
        },
        "CORRECT": {
          "n": 0,
          "mean": 0.0,
          "std": 0.0,
          "median": 0.0,
          "p25": 0.0,
          "p75": 0.0
        }
      },
      "glcm_contrast": {
        "TP": {
          "n": 1219,
          "mean": 0.3561849892714068,
          "std": 0.11843301743008924,