{
  "run_dir": "runs/resnet18_sz224_bs64_lr0.0001_wd0.0001_aug0_amp1",
  "seed_dir": "runs/resnet18_sz224_bs64_lr0.0001_wd0.0001_aug0_amp1/seed_45",
  "seed": 45,
  "num_samples": 2458,
  "summary": {
    "quality_intensity": {
      "brightness_mean": {
        "TP": {
          "n": 1147,
          "mean": 29.90630414409022,
          "std": 7.22138146214036,
          "median": 30.38315200805664,
          "p25": 24.92724609375,
          "p75": 34.76828575134277
        },
        "TN": {
          "n": 1162,
          "mean": 22.516993678375282,
          "std": 9.026898247361279,
          "median": 21.282963752746582,
          "p25": 15.427121877670288,
          "p75": 28.386958122253418
        },
        "FP": {
          "n": 33,
          "mean": 32.17948219992898,
          "std": 10.01746703900901,
          "median": 30.95567512512207,
          "p25": 26.24776840209961,
          "p75": 41.03904342651367
        },
        "FN": {
          "n": 116,
          "mean": 24.061309074533398,
          "std": 9.039729146591746,
          "median": 23.907325744628906,
          "p25": 17.154406547546387,
          "p75": 30.160390853881836
        },
        "MIS": {
          "n": 0,
          "mean": 0.0,
          "std": 0.0,
          "median": 0.0,
          "p25": 0.0,
          "p75": 0.0
        },
        "CORRECT": {
          "n": 0,
          "mean": 0.0,
          "std": 0.0,
          "median": 0.0,
          "p25": 0.0,
          "p75": 0.0
        }
      },
      "brightness_std": {
        "TP": {
          "n": 1147,
          "mean": 53.45848126398966,
          "std": 10.25633541015795,
          "median": 54.31256103515625,
          "p25": 46.89968681335449,
          "p75": 61.25071716308594
        },
        "TN": {
          "n": 1162,
          "mean": 49.89481898880661,
          "std": 12.458587325944778,
          "median": 49.22035598754883,
          "p25": 40.399648666381836,
          "p75": 59.61730194091797
        },
        "FP": {
          "n": 33,
          "mean": 57.56833631342108,
          "std": 14.157746871218356,
          "median": 54.44271469116211,
          "p25": 47.21076965332031,
          "p75": 71.8539047241211
        },
        "FN": {
          "n": 116,
          "mean": 47.481904210715456,
          "std": 12.341770728192651,
          "median": 45.969926834106445,
          "p25": 37.12454032897949,
          "p75": 56.086514472961426
        },
        "MIS": {
          "n": 0,
          "mean": 0.0,
          "std": 0.0,
          "median": 0.0,
          "p25": 0.0,
          "p75": 0.0
        },
        "CORRECT": {
          "n": 0,
          "mean": 0.0,
          "std": 0.0,
          "median": 0.0,
          "p25": 0.0,
          "p75": 0.0
        }
      },
      "contrast_p95_p5": {
        "TP": {
          "n": 1147,
          "mean": 139.2445510026155,
          "std": 29.618447367662615,
          "median": 143.0,
          "p25": 121.0,
          "p75": 160.625
        },
        "TN": {
          "n": 1162,
          "mean": 143.91953528399313,
          "std": 39.48578393697137,
          "median": 148.0,
          "p25": 116.25,
          "p75": 177.0
        },
        "FP": {
          "n": 33,
          "mean": 150.54545454545453,
          "std": 37.14674523855599,
          "median": 152.0,
          "p25": 126.0,
          "p75": 191.0
        },
        "FN": {
          "n": 116,
          "mean": 129.5668103448276,
          "std": 37.8073974495937,
          "median": 125.625,
          "p25": 103.75,
          "p75": 156.5
        },
        "MIS": {
          "n": 0,
          "mean": 0.0,
          "std": 0.0,
          "median": 0.0,
          "p25": 0.0,
          "p75": 0.0
        },
        "CORRECT": {
          "n": 0,
          "mean": 0.0,
          "std": 0.0,
          "median": 0.0,
          "p25": 0.0,
          "p75": 0.0
        }
      },
      "sharpness_laplacian_var": {
        "TP": {
          "n": 1147,
          "mean": 257.59822313995494,
          "std": 95.67819270813773,
          "median": 252.56988525390625,
          "p25": 195.1351547241211,
          "p75": 313.10792541503906
        },
        "TN": {
          "n": 1162,
          "mean": 396.19591889570177,
          "std": 168.120453535698,
          "median": 393.94374084472656,
          "p25": 268.99781799316406,
          "p75": 522.5171508789062
        },
        "FP": {
          "n": 33,
          "mean": 224.9098463347464,
          "std": 107.82510056470811,
          "median": 193.2875213623047,
          "p25": 157.0741424560547,
          "p75": 292.574462890625
        },
        "FN": {
          "n": 116,
          "mean": 321.77842449319775,
          "std": 154.6874582600565,
          "median": 306.5956573486328,
          "p25": 192.8586082458496,
          "p75": 413.2220153808594
        },
        "MIS": {
          "n": 0,
          "mean": 0.0,
          "std": 0.0,
          "median": 0.0,
          "p25": 0.0,
          "p75": 0.0
        },
        "CORRECT": {
          "n": 0,
          "mean": 0.0,
          "std": 0.0,
          "median": 0.0,
          "p25": 0.0,
          "p75": 0.0
        }
      },
      "snr_mean_over_std": {
        "TP": {
          "n": 1147,
          "mean": 0.5557042296824022,
          "std": 0.054302768984441425,
          "median": 0.5629512917502157,
          "p25": 0.5246097787234218,
          "p75": 0.5915317454726867
        },
        "TN": {
          "n": 1162,
          "mean": 0.44114958762280104,
          "std": 0.1042852526760896,
          "median": 0.44476298053656843,
          "p25": 0.3610640647278708,
          "p75": 0.5212380270636411
        },
        "FP": {
          "n": 33,
          "mean": 0.5536033739999296,
          "std": 0.08648031968006033,
          "median": 0.5798952514253736,
          "p25": 0.5161602604730878,
          "p75": 0.6070087098561525
        },
        "FN": {
          "n": 116,
          "mean": 0.4944771302515155,
          "std": 0.10087889187614835,
          "median": 0.4977729130108661,
          "p25": 0.4615972060207933,
          "p75": 0.57358093018086
        },
        "MIS": {
          "n": 0,
          "mean": 0.0,
          "std": 0.0,
          "median": 0.0,
          "p25": 0.0,
          "p75": 0.0
        },
        "CORRECT": {
          "n": 0,
          "mean": 0.0,
          "std": 0.0,
          "median": 0.0,
          "p25": 0.0,
          "p75": 0.0
        }
      }
    },
    "texture": {
      "entropy": {
        "TP": {
          "n": 1147,
          "mean": 2.7660367821875256,
          "std": 0.33505750217008134,
          "median": 2.8073866146504685,
          "p25": 2.5723057295722973,
          "p75": 2.996702971049369
        },
        "TN": {
          "n": 1162,
          "mean": 1.9187422073393499,
          "std": 0.57207584496246,
          "median": 1.966133707934713,
          "p25": 1.4845573888554457,
          "p75": 2.364952226443874
        },
        "FP": {
          "n": 33,
          "mean": 2.694415934560098,
          "std": 0.5000599624355594,
          "median": 2.7921105053541675,
          "p25": 2.6328820472860723,
          "p75": 3.0267101486898187
        },
        "FN": {
          "n": 116,
          "mean": 2.267542501969509,
          "std": 0.6077636294291621,
          "median": 2.340778038895518,
          "p25": 2.0569793550767326,
          "p75": 2.717619734734847
        },
        "MIS": {
          "n": 0,
          "mean": 0.0,
          "std": 0.0,
          "median": 0.0,
          "p25": 0.0,
          "p75": 0.0
        },
        "CORRECT": {
          "n": 0,
          "mean": 0.0,
          "std": 0.0,
          "median": 0.0,
          "p25": 0.0,
          "p75": 0.0
        }
      },
      "glcm_contrast": {
        "TP": {
          "n": 1147,
          "mean": 0.35592306364764054,
          "std": 0.11321978490714148,