{
  "run_dir": "runs/vgg16_sz224_bs64_lr0.0001_wd0.0001_aug0_amp1",
  "seed_dir": "runs/vgg16_sz224_bs64_lr0.0001_wd0.0001_aug0_amp1/seed_45",
  "seed": 45,
  "num_samples": 2458,
  "summary": {
    "quality_intensity": {
      "brightness_mean": {
        "TP": {
          "n": 1190,
          "mean": 29.645314854533733,
          "std": 7.30393051701735,
          "median": 30.12845802307129,
          "p25": 24.578094482421875,
          "p75": 34.49178409576416
        },
        "TN": {
          "n": 1162,
          "mean": 22.67429993259312,
          "std": 9.220080008055136,
          "median": 21.294135093688965,
          "p25": 15.412737131118774,
          "p75": 28.616633892059326
        },
        "FP": {
          "n": 33,
          "mean": 26.640395308985855,
          "std": 7.092800045795782,
          "median": 26.813396453857422,
          "p25": 23.705495834350586,
          "p75": 30.15264320373535
        },
        "FN": {
          "n": 73,
          "mean": 24.87284971263311,
          "std": 10.382831621661655,
          "median": 24.240812301635742,
          "p25": 17.266162872314453,
          "p75": 31.5642147064209
        },
        "MIS": {
          "n": 0,
          "mean": 0.0,
          "std": 0.0,
          "median": 0.0,
          "p25": 0.0,
          "p75": 0.0
        },
        "CORRECT": {
          "n": 0,
          "mean": 0.0,
          "std": 0.0,
          "median": 0.0,
          "p25": 0.0,
          "p75": 0.0
        }
      },
      "brightness_std": {
        "TP": {
          "n": 1190,
          "mean": 53.18847335046079,
          "std": 10.35318830698726,
          "median": 54.120248794555664,
          "p25": 46.61650466918945,
          "p75": 61.099164962768555
        },
        "TN": {
          "n": 1162,
          "mean": 50.158294114721826,
          "std": 12.63760294167639,
          "median": 49.428436279296875,
          "p25": 40.536349296569824,
          "p75": 60.07138729095459
        },
        "FP": {
          "n": 33,
          "mean": 48.29081824331573,
          "std": 9.64330066954179,
          "median": 49.86968231201172,
          "p25": 44.64030838012695,
          "p75": 52.5899543762207
        },
        "FN": {
          "n": 73,
          "mean": 48.362953577956105,
          "std": 13.323639243821273,
          "median": 45.97622299194336,
          "p25": 37.69879913330078,
          "p75": 57.493125915527344
        },
        "MIS": {
          "n": 0,
          "mean": 0.0,
          "std": 0.0,
          "median": 0.0,
          "p25": 0.0,
          "p75": 0.0
        },
        "CORRECT": {
          "n": 0,
          "mean": 0.0,
          "std": 0.0,
          "median": 0.0,
          "p25": 0.0,
          "p75": 0.0
        }
      },
      "contrast_p95_p5": {
        "TP": {
          "n": 1190,
          "mean": 138.78214285714284,
          "std": 29.734463443320532,
          "median": 143.0,
          "p25": 120.0,
          "p75": 160.0
        },
        "TN": {
          "n": 1162,
          "mean": 144.6432874354561,
          "std": 39.6146627562354,
          "median": 149.0,
          "p25": 117.0,
          "p75": 178.0
        },
        "FP": {
          "n": 33,
          "mean": 125.06060606060606,
          "std": 25.874624869188192,
          "median": 129.0,
          "p25": 109.0,
          "p75": 141.0
        },
        "FN": {
          "n": 73,
          "mean": 131.4041095890411,
          "std": 41.598978981714886,
          "median": 133.0,
          "p25": 108.0,
          "p75": 165.0
        },
        "MIS": {
          "n": 0,
          "mean": 0.0,
          "std": 0.0,
          "median": 0.0,
          "p25": 0.0,
          "p75": 0.0
        },
        "CORRECT": {
          "n": 0,
          "mean": 0.0,
          "std": 0.0,
          "median": 0.0,
          "p25": 0.0,
          "p75": 0.0
        }
      },
      "sharpness_laplacian_var": {
        "TP": {
          "n": 1190,
          "mean": 260.6567665933561,
          "std": 100.84364926671195,
          "median": 254.2580108642578,
          "p25": 195.54211044311523,
          "p75": 317.2463073730469
        },
        "TN": {
          "n": 1162,
          "mean": 394.7611400420407,
          "std": 169.10770522588172,
          "median": 392.2082977294922,
          "p25": 266.60929107666016,
          "p75": 522.3725280761719
        },
        "FP": {
          "n": 33,
          "mean": 275.4314532424464,
          "std": 121.1955811092308,
          "median": 278.2613830566406,
          "p25": 200.0310821533203,
          "p75": 346.1499938964844
        },
        "FN": {
          "n": 73,
          "mean": 309.7247525567878,
          "std": 140.40884629151282,
          "median": 287.72705078125,
          "p25": 192.09744262695312,
          "p75": 383.2803039550781
        },
        "MIS": {
          "n": 0,
          "mean": 0.0,
          "std": 0.0,
          "median": 0.0,
          "p25": 0.0,
          "p75": 0.0
        },
        "CORRECT": {
          "n": 0,
          "mean": 0.0,
          "std": 0.0,
          "median": 0.0,
          "p25": 0.0,
          "p75": 0.0
        }
      },
      "snr_mean_over_std": {
        "TP": {
          "n": 1190,
          "mean": 0.5533180101647951,
          "std": 0.05529627864372997,
          "median": 0.5618172238113399,
          "p25": 0.520118888326651,
          "p75": 0.5896870292659738
        },
        "TN": {
          "n": 1162,
          "mean": 0.4413283595997109,
          "std": 0.10483617979750065,
          "median": 0.44476298053656843,
          "p25": 0.3608789655653452,
          "p75": 0.5217546057544069
        },
        "FP": {
          "n": 33,
          "mean": 0.5473084334796494,
          "std": 0.06867937391808444,
          "median": 0.5525190552793592,
          "p25": 0.48828382360893796,
          "p75": 0.6090825472487421
        },
        "FN": {
          "n": 73,
          "mean": 0.49731049943540917,
          "std": 0.12322069244650266,
          "median": 0.5505638704773367,
          "p25": 0.44188008308708693,
          "p75": 0.5875598857219254
        },
        "MIS": {
          "n": 0,
          "mean": 0.0,
          "std": 0.0,
          "median": 0.0,
          "p25": 0.0,
          "p75": 0.0
        },
        "CORRECT": {
          "n": 0,
          "mean": 0.0,
          "std": 0.0,
          "median": 0.0,
          "p25": 0.0,
          "p75": 0.0
        }
      }
    },
    "texture": {
      "entropy": {
        "TP": {
          "n": 1190,
          "mean": 2.748572926842931,
          "std": 0.3473873307887932,
          "median": 2.7961519036174454,
          "p25": 2.5418300530446567,
          "p75": 2.988380410653968
        },
        "TN": {
          "n": 1162,
          "mean": 1.9209369192595196,
          "std": 0.57704894818539,
          "median": 1.9637594079129284,
          "p25": 1.483181681806451,
          "p75": 2.3673713098410114
        },
        "FP": {
          "n": 33,
          "mean": 2.6171354724014013,
          "std": 0.4000306004934798,
          "median": 2.6328820472860723,
          "p25": 2.2958678320737045,
          "p75": 2.9843744116122073
        },
        "FN": {
          "n": 73,
          "mean": 2.258593650061193,
          "std": 0.7198716986505347,
          "median": 2.5580031575183844,
          "p25": 1.8518434366271679,
          "p75": 2.785353038594999
        },
        "MIS": {
          "n": 0,
          "mean": 0.0,
          "std": 0.0,
          "median": 0.0,
          "p25": 0.0,
          "p75": 0.0
        },
        "CORRECT": {
          "n": 0,
          "mean": 0.0,
          "std": 0.0,
          "median": 0.0,
          "p25": 0.0,
          "p75": 0.0
        }
      },
      "glcm_contrast": {
        "TP": {
          "n": 1190,
          "mean": 0.3560489330261253,
          "std": 0.11693839429752571,