{
  "seed": 42,
  "duration_sec": 104.28008958599912,
  "duration_min": 1.7380014930999854
}