{
  "seed": 45,
  "duration_sec": 135.66949555599967,
  "duration_min": 2.261158259266661
}