{
  "seed": 44,
  "duration_sec": 227.36728549499912,
  "duration_min": 3.7894547582499856
}