{
  "run_dir": "runs/resnet18_sz224_bs64_lr0.0001_wd0.0001_aug0_amp1",
  "seed_dir": "runs/resnet18_sz224_bs64_lr0.0001_wd0.0001_aug0_amp1/seed_43",
  "seed": 43,
  "num_samples": 2458,
  "summary": {
    "quality_intensity": {
      "brightness_mean": {
        "TP": {
          "n": 1228,
          "mean": 29.57357513244455,
          "std": 7.338495592088111,
          "median": 30.07321262359619,
          "p25": 24.428162097930908,
          "p75": 34.471235275268555
        },
        "TN": {
          "n": 1155,
          "mean": 22.61136350569787,
          "std": 9.180716250637952,
          "median": 21.280332565307617,
          "p25": 15.385144233703613,
          "p75": 28.54084587097168
        },
        "FP": {
          "n": 40,
          "mean": 27.763617944717407,
          "std": 8.037181911309263,
          "median": 26.859126091003418,
          "p25": 23.6178297996521,
          "p75": 30.744962215423584
        },
        "FN": {
          "n": 35,
          "mean": 22.208355522155763,
          "std": 11.924011574239318,
          "median": 22.277244567871094,
          "p25": 12.37777042388916,
          "p75": 31.436613082885742
        },
        "MIS": {
          "n": 0,
          "mean": 0.0,
          "std": 0.0,
          "median": 0.0,
          "p25": 0.0,
          "p75": 0.0
        },
        "CORRECT": {
          "n": 0,
          "mean": 0.0,
          "std": 0.0,
          "median": 0.0,
          "p25": 0.0,
          "p75": 0.0
        }
      },
      "brightness_std": {
        "TP": {
          "n": 1228,
          "mean": 52.98167183189516,
          "std": 10.423001134994545,
          "median": 53.98249053955078,
          "p25": 46.42145347595215,
          "p75": 61.00319862365723
        },
        "TN": {
          "n": 1155,
          "mean": 50.11929077049354,
          "std": 12.603321356746061,
          "median": 49.41009521484375,
          "p25": 40.5170841217041,
          "p75": 60.02252006530762
        },
        "FP": {
          "n": 40,
          "mean": 49.74384808540344,
          "std": 11.54562922202143,
          "median": 50.151445388793945,
          "p25": 43.870771408081055,
          "p75": 55.54599094390869
        },
        "FN": {
          "n": 35,
          "mean": 50.37959681919643,
          "std": 15.624007621768842,
          "median": 48.850460052490234,
          "p25": 37.53922462463379,
          "p75": 64.00543212890625
        },
        "MIS": {
          "n": 0,
          "mean": 0.0,
          "std": 0.0,
          "median": 0.0,
          "p25": 0.0,
          "p75": 0.0
        },
        "CORRECT": {
          "n": 0,
          "mean": 0.0,
          "std": 0.0,
          "median": 0.0,
          "p25": 0.0,
          "p75": 0.0
        }
      },
      "contrast_p95_p5": {
        "TP": {
          "n": 1228,
          "mean": 138.2139657980456,
          "std": 29.745157988938814,
          "median": 142.0,
          "p25": 119.0,
          "p75": 160.0
        },
        "TN": {
          "n": 1155,
          "mean": 144.63419913419912,
          "std": 39.60390513164178,
          "median": 149.0,
          "p25": 117.0,
          "p75": 178.0
        },
        "FP": {
          "n": 40,
          "mean": 128.75,
          "std": 30.35833007805609,
          "median": 129.0,
          "p25": 109.0,
          "p75": 149.0
        },
        "FN": {
          "n": 35,
          "mean": 143.32857142857142,
          "std": 52.31981584688635,
          "median": 165.0,
          "p25": 121.5,
          "p75": 180.0
        },
        "MIS": {
          "n": 0,
          "mean": 0.0,
          "std": 0.0,
          "median": 0.0,
          "p25": 0.0,
          "p75": 0.0
        },
        "CORRECT": {
          "n": 0,
          "mean": 0.0,
          "std": 0.0,
          "median": 0.0,
          "p25": 0.0,
          "p75": 0.0
        }
      },
      "sharpness_laplacian_var": {
        "TP": {
          "n": 1228,
          "mean": 260.59103058681427,
          "std": 100.85050963324417,
          "median": 253.91989135742188,
          "p25": 194.0465316772461,
          "p75": 317.9022216796875
        },
        "TN": {
          "n": 1155,
          "mean": 395.1678781847933,
          "std": 169.106534668152,
          "median": 393.7171936035156,
          "p25": 267.46844482421875,
          "p75": 522.4794921875
        },
        "FP": {
          "n": 40,
          "mean": 284.5695845603943,
          "std": 129.56478394080472,
          "median": 270.91656494140625,
          "p25": 189.76528549194336,
          "p75": 355.4768829345703
        },
        "FN": {
          "n": 35,
          "mean": 365.3049606323242,
          "std": 155.65597864460838,
          "median": 347.180908203125,
          "p25": 249.64611053466797,
          "p75": 486.0404815673828
        },
        "MIS": {
          "n": 0,
          "mean": 0.0,
          "std": 0.0,
          "median": 0.0,
          "p25": 0.0,
          "p75": 0.0
        },
        "CORRECT": {
          "n": 0,
          "mean": 0.0,
          "std": 0.0,
          "median": 0.0,
          "p25": 0.0,
          "p75": 0.0
        }
      },
      "snr_mean_over_std": {
        "TP": {
          "n": 1228,
          "mean": 0.5540500890277662,
          "std": 0.054572332205302526,
          "median": 0.5622366052322227,
          "p25": 0.5216778822951575,
          "p75": 0.5901619196162671
        },
        "TN": {
          "n": 1155,
          "mean": 0.44046870259880794,
          "std": 0.10459921402896102,
          "median": 0.44422300606820864,
          "p25": 0.3606613974933792,
          "p75": 0.5210039643015765
        },
        "FP": {
          "n": 40,
          "mean": 0.5535845164517329,
          "std": 0.0621996224319569,
          "median": 0.5657089357179124,
          "p25": 0.4968604144673268,
          "p75": 0.6052300901931519
        },
        "FN": {
          "n": 35,
          "mean": 0.41081683510840866,
          "std": 0.1319763546179626,
          "median": 0.4379836270851663,
          "p25": 0.29041529834187596,
          "p75": 0.5210573265239775
        },
        "MIS": {
          "n": 0,
          "mean": 0.0,
          "std": 0.0,
          "median": 0.0,
          "p25": 0.0,
          "p75": 0.0
        },
        "CORRECT": {
          "n": 0,
          "mean": 0.0,
          "std": 0.0,
          "median": 0.0,
          "p25": 0.0,
          "p75": 0.0
        }
      }
    },
    "texture": {
      "entropy": {
        "TP": {
          "n": 1228,
          "mean": 2.747991696804251,
          "std": 0.34197214527366804,
          "median": 2.793550812829556,
          "p25": 2.546484271364777,
          "p75": 2.983449109459628
        },
        "TN": {
          "n": 1155,
          "mean": 1.9155211039940059,
          "std": 0.5747492413519234,
          "median": 1.958807329705751,
          "p25": 1.479616766193774,
          "p75": 2.3618694543362073
        },
        "FP": {
          "n": 40,
          "mean": 2.6516823913932734,
          "std": 0.36196790393356065,
          "median": 2.7118785056184915,
          "p25": 2.3798026074460483,
          "p75": 2.9819835749373924
        },
        "FN": {
          "n": 35,
          "mean": 1.7470090206266937,
          "std": 0.7616155952617909,
          "median": 1.8518434366271679,
          "p25": 1.0379713060219868,
          "p75": 2.3125123284627485
        },
        "MIS": {
          "n": 0,
          "mean": 0.0,
          "std": 0.0,
          "median": 0.0,
          "p25": 0.0,
          "p75": 0.0
        },
        "CORRECT": {
          "n": 0,
          "mean": 0.0,
          "std": 0.0,
          "median": 0.0,
          "p25": 0.0,
          "p75": 0.0
        }
      },
      "glcm_contrast": {
        "TP": {
          "n": 1228,
          "mean": 0.35541794389715103,
          "std": 0.11719755749167271,